-----------EB Tester Software-----------,,,,,,
*Step,Mode,Capacity,Energy,,,
*1-1,D-CC,0.006,0.021,,,
*1-2,Wait,0,0,,,
*1-3,C-CV,0.11,0.398,,,
*1-4,Wait,0,0,,,
*2-1,D-CC,0.006,0.022,,,
*2-2,Wait,0,0,,,
*2-3,C-CV,0.015,0.055,,,
*2-4,Wait,0,0,,totDisAh,0.0300
*3-1,D-CC,0.006,0.022,,totChgAh,0.1610
*3-2,Wait,0,0,,,
*3-3,C-CV,0.013,0.047,,,
*3-4,Wait,0,0,,,
*4-1,D-CC,0.006,0.022,,,
*4-2,Wait,0,0,,,
*4-3,C-CV,0.012,0.044,,,
*4-4,Wait,0,0,,,
*5-1,D-CC,0.006,0.022,,,
*5-2,Wait,0,0,,,
*5-3,C-CV,0.011,0.04,,,
*5-4,Wait,0,0,,,
Title:EB Tester Software,,,,,,
------------www.zketech.com--------------,,,,,,
Time(S),Cur(A),Vol(V),,,,
0,0,3.552,,,,
0,0,3.552,,,,
1,0.36,3.552,,,,
3,0.36,3.551,,,,
5,0.36,3.545,,,,
7,0.36,3.544,,,,
9,0.36,3.544,,,,
11,0.36,3.544,,,,
13,0.36,3.543,,,,
15,0.36,3.543,,,,
17,0.36,3.537,,,,
19,0.36,3.537,,,,
21,0.36,3.537,,,,
23,0.36,3.537,,,,
25,0.36,3.537,,,,
27,0.36,3.536,,,,
29,0.36,3.536,,,,
31,0.36,3.533,,,,
33,0.36,3.53,,,,
35,0.36,3.53,,,,
37,0.36,3.53,,,,
39,0.36,3.53,,,,
41,0.36,3.53,,,,
43,0.36,3.529,,,,
45,0.36,3.529,,,,
47,0.36,3.529,,,,
49,0.36,3.525,,,,
51,0.36,3.523,,,,
53,0.36,3.523,,,,
55,0.36,3.523,,,,
57,0.36,3.523,,,,
59,0.36,3.523,,,,
59,0.36,3.523,,,,
59,0.36,3.523,,,,
61,0,3.523,,,,
63,0,3.523,,,,
65,0,3.523,,,,
67,0,3.523,,,,
69,0,3.523,,,,
71,0,3.523,,,,
73,0,3.523,,,,
75,0,3.523,,,,
77,0,3.523,,,,
79,0,3.523,,,,
81,0,3.523,,,,
83,0,3.523,,,,
85,0,3.523,,,,
87,0,3.523,,,,
89,0,3.523,,,,
91,0,3.523,,,,
93,0,3.523,,,,
95,0,3.523,,,,
97,0,3.523,,,,
99,0,3.523,,,,
101,0,3.523,,,,
103,0,3.523,,,,
105,0,3.523,,,,
107,0,3.523,,,,
109,0,3.523,,,,
111,0,3.523,,,,
113,0,3.523,,,,
115,0,3.523,,,,
117,0,3.523,,,,
119,0,3.523,,,,
121,0,3.523,,,,
123,0,3.523,,,,
124,0.36,3.523,,,,
126,0.36,3.523,,,,
128,0.36,3.525,,,,
130,0.36,3.529,,,,
132,0.36,3.529,,,,
134,0.36,3.529,,,,
136,0.36,3.53,,,,
138,0.36,3.53,,,,
140,0.36,3.53,,,,
142,0.36,3.53,,,,
144,0.36,3.53,,,,
146,0.36,3.53,,,,
148,0.36,3.53,,,,
150,0.36,3.53,,,,
152,0.36,3.532,,,,
154,0.36,3.534,,,,
156,0.36,3.536,,,,
158,0.36,3.536,,,,
160,0.36,3.536,,,,
162,0.36,3.536,,,,
164,0.36,3.537,,,,
166,0.36,3.537,,,,
168,0.36,3.537,,,,
170,0.36,3.537,,,,
172,0.36,3.537,,,,
174,0.36,3.537,,,,
176,0.36,3.537,,,,
178,0.36,3.537,,,,
180,0.36,3.537,,,,
182,0.36,3.537,,,,
184,0.36,3.537,,,,
186,0.36,3.537,,,,
188,0.36,3.537,,,,
190,0.36,3.538,,,,
192,0.36,3.54,,,,
194,0.36,3.542,,,,
196,0.36,3.543,,,,
198,0.36,3.543,,,,
200,0.36,3.543,,,,
202,0.36,3.543,,,,
204,0.36,3.543,,,,
206,0.36,3.543,,,,
208,0.36,3.544,,,,
210,0.36,3.544,,,,
212,0.36,3.544,,,,
214,0.36,3.544,,,,
216,0.36,3.544,,,,
218,0.36,3.544,,,,
220,0.36,3.544,,,,
222,0.36,3.544,,,,
224,0.36,3.544,,,,
226,0.36,3.544,,,,
228,0.36,3.544,,,,
230,0.36,3.544,,,,
232,0.36,3.544,,,,
234,0.36,3.544,,,,
236,0.36,3.545,,,,
238,0.36,3.547,,,,
240,0.36,3.549,,,,
242,0.36,3.551,,,,
244,0.36,3.551,,,,
246,0.36,3.551,,,,
248,0.36,3.551,,,,
250,0.36,3.551,,,,
252,0.36,3.551,,,,
254,0.36,3.551,,,,
256,0.36,3.552,,,,
258,0.36,3.552,,,,
260,0.36,3.552,,,,
262,0.36,3.552,,,,
264,0.36,3.552,,,,
266,0.36,3.552,,,,
268,0.36,3.552,,,,
270,0.36,3.552,,,,
272,0.36,3.552,,,,
274,0.36,3.552,,,,
276,0.36,3.552,,,,
278,0.36,3.552,,,,
280,0.36,3.552,,,,
282,0.36,3.552,,,,
284,0.36,3.552,,,,
286,0.36,3.552,,,,
288,0.36,3.552,,,,
300,0.36,3.558,,,,
302,0.36,3.558,,,,
304,0.36,3.558,,,,
306,0.36,3.559,,,,
308,0.36,3.559,,,,
320,0.36,3.559,,,,
322,0.36,3.559,,,,
324,0.36,3.559,,,,
326,0.36,3.559,,,,
328,0.36,3.559,,,,
330,0.36,3.559,,,,
332,0.36,3.559,,,,
334,0.36,3.559,,,,
336,0.36,3.56,,,,
338,0.36,3.562,,,,
340,0.36,3.563,,,,
342,0.36,3.564,,,,
344,0.36,3.565,,,,
346,0.36,3.565,,,,
348,0.36,3.565,,,,
350,0.36,3.565,,,,
352,0.36,3.565,,,,
354,0.36,3.565,,,,
356,0.36,3.566,,,,
358,0.36,3.566,,,,
360,0.36,3.566,,,,
362,0.36,3.566,,,,
364,0.36,3.566,,,,
366,0.36,3.566,,,,
368,0.36,3.566,,,,
370,0.36,3.566,,,,
372,0.36,3.566,,,,
374,0.36,3.566,,,,
376,0.36,3.566,,,,
378,0.36,3.566,,,,
380,0.36,3.566,,,,
382,0.36,3.566,,,,
384,0.36,3.566,,,,
386,0.36,3.566,,,,
388,0.36,3.568,,,,
390,0.36,3.57,,,,
392,0.36,3.572,,,,
394,0.36,3.573,,,,
396,0.36,3.573,,,,
398,0.36,3.573,,,,
400,0.36,3.573,,,,
402,0.36,3.573,,,,
404,0.36,3.573,,,,
406,0.36,3.574,,,,
408,0.36,3.574,,,,
410,0.36,3.574,,,,
412,0.36,3.574,,,,
414,0.36,3.574,,,,
416,0.36,3.574,,,,
418,0.36,3.574,,,,
420,0.36,3.574,,,,
422,0.36,3.574,,,,
424,0.36,3.574,,,,
426,0.36,3.574,,,,
428,0.36,3.574,,,,
430,0.36,3.574,,,,
432,0.36,3.574,,,,
434,0.36,3.575,,,,
436,0.36,3.577,,,,
438,0.36,3.579,,,,
440,0.36,3.58,,,,
442,0.36,3.58,,,,
444,0.36,3.58,,,,
446,0.36,3.58,,,,
448,0.36,3.58,,,,
450,0.36,3.581,,,,
452,0.36,3.581,,,,
454,0.36,3.581,,,,
456,0.36,3.581,,,,
458,0.36,3.581,,,,
460,0.36,3.581,,,,
462,0.36,3.581,,,,
464,0.36,3.581,,,,
466,0.36,3.581,,,,
468,0.36,3.581,,,,
470,0.36,3.581,,,,
472,0.36,3.581,,,,
474,0.36,3.581,,,,
476,0.36,3.581,,,,
478,0.36,3.581,,,,
480,0.36,3.581,,,,
482,0.36,3.583,,,,
484,0.36,3.585,,,,
486,0.36,3.586,,,,
488,0.36,3.587,,,,
490,0.36,3.587,,,,
492,0.36,3.587,,,,
494,0.36,3.587,,,,
496,0.36,3.587,,,,
498,0.36,3.588,,,,
500,0.36,3.588,,,,
502,0.36,3.588,,,,
504,0.36,3.588,,,,
506,0.36,3.588,,,,
508,0.36,3.588,,,,
510,0.36,3.588,,,,
512,0.36,3.588,,,,
514,0.36,3.588,,,,
516,0.36,3.588,,,,
518,0.36,3.588,,,,
520,0.36,3.588,,,,
522,0.36,3.589,,,,
524,0.36,3.591,,,,
526,0.36,3.593,,,,
528,0.36,3.594,,,,
530,0.36,3.594,,,,
532,0.36,3.594,,,,
534,0.36,3.594,,,,
536,0.36,3.594,,,,
538,0.36,3.594,,,,
540,0.36,3.595,,,,
542,0.36,3.595,,,,
544,0.36,3.595,,,,
546,0.36,3.595,,,,
548,0.36,3.595,,,,
550,0.36,3.595,,,,
552,0.36,3.595,,,,
554,0.36,3.595,,,,
556,0.36,3.595,,,,
558,0.36,3.595,,,,
560,0.36,3.595,,,,
562,0.36,3.595,,,,
564,0.36,3.595,,,,
566,0.36,3.597,,,,
568,0.36,3.599,,,,
570,0.36,3.601,,,,
572,0.36,3.602,,,,
574,0.36,3.602,,,,
576,0.36,3.602,,,,
578,0.36,3.602,,,,
580,0.36,3.603,,,,
582,0.36,3.603,,,,
584,0.36,3.603,,,,
586,0.36,3.603,,,,
588,0.36,3.603,,,,
590,0.36,3.603,,,,
592,0.36,3.603,,,,
594,0.36,3.603,,,,
596,0.36,3.603,,,,
598,0.36,3.603,,,,
600,0.36,3.603,,,,
602,0.36,3.603,,,,
604,0.36,3.604,,,,
606,0.36,3.605,,,,
608,0.36,3.607,,,,
610,0.36,3.609,,,,
612,0.36,3.609,,,,
614,0.36,3.609,,,,
616,0.36,3.609,,,,
618,0.36,3.609,,,,
620,0.36,3.609,,,,
622,0.36,3.61,,,,
624,0.36,3.61,,,,
626,0.36,3.61,,,,
628,0.36,3.61,,,,
630,0.36,3.61,,,,
632,0.36,3.61,,,,
634,0.36,3.61,,,,
636,0.36,3.61,,,,
638,0.36,3.61,,,,
640,0.36,3.61,,,,
642,0.36,3.61,,,,
644,0.36,3.61,,,,
646,0.36,3.61,,,,
648,0.36,3.61,,,,
650,0.36,3.612,,,,
652,0.36,3.615,,,,
654,0.36,3.616,,,,
656,0.36,3.616,,,,
658,0.36,3.616,,,,
660,0.36,3.616,,,,
662,0.36,3.616,,,,
680,0.36,3.618,,,,
682,0.36,3.621,,,,
684,0.36,3.623,,,,
686,0.36,3.624,,,,
688,0.36,3.624,,,,
690,0.36,3.624,,,,
692,0.36,3.624,,,,
694,0.36,3.624,,,,
696,0.36,3.625,,,,
698,0.36,3.625,,,,
700,0.36,3.625,,,,
702,0.36,3.625,,,,
704,0.36,3.625,,,,
706,0.36,3.625,,,,
708,0.36,3.625,,,,
710,0.36,3.625,,,,
712,0.36,3.625,,,,
714,0.36,3.625,,,,
716,0.36,3.625,,,,
718,0.36,3.627,,,,
720,0.36,3.63,,,,
722,0.36,3.631,,,,
724,0.36,3.631,,,,
726,0.36,3.631,,,,
728,0.36,3.631,,,,
730,0.36,3.631,,,,
732,0.36,3.632,,,,
734,0.36,3.632,,,,
736,0.36,3.632,,,,
738,0.36,3.632,,,,
740,0.36,3.632,,,,
742,0.36,3.632,,,,
744,0.36,3.632,,,,
746,0.36,3.632,,,,
748,0.36,3.632,,,,
750,0.36,3.633,,,,
752,0.36,3.635,,,,
754,0.36,3.637,,,,
756,0.36,3.638,,,,
758,0.36,3.638,,,,
760,0.36,3.638,,,,
762,0.36,3.638,,,,
764,0.36,3.639,,,,
766,0.36,3.639,,,,
768,0.36,3.639,,,,
770,0.36,3.639,,,,
772,0.36,3.639,,,,
774,0.36,3.639,,,,
776,0.36,3.639,,,,
778,0.36,3.639,,,,
780,0.36,3.639,,,,
782,0.36,3.639,,,,
784,0.36,3.639,,,,
786,0.36,3.639,,,,
788,0.36,3.642,,,,
790,0.36,3.65,,,,
792,0.36,3.65,,,,
794,0.36,3.65,,,,
796,0.36,3.65,,,,
798,0.36,3.65,,,,
800,0.36,3.65,,,,
802,0.36,3.65,,,,
804,0.36,3.65,,,,
806,0.36,3.65,,,,
808,0.36,3.65,,,,
810,0.36,3.65,,,,
812,0.36,3.65,,,,
814,0.36,3.65,,,,
816,0.36,3.65,,,,
818,0.35,3.65,,,,
820,0.31,3.65,,,,
822,0.27,3.65,,,,
824,0.27,3.65,,,,
826,0.26,3.65,,,,
828,0.25,3.65,,,,
830,0.26,3.65,,,,
832,0.24,3.65,,,,
834,0.26,3.65,,,,
836,0.25,3.65,,,,
838,0.24,3.65,,,,
840,0.26,3.65,,,,
842,0.24,3.65,,,,
844,0.24,3.65,,,,
846,0.24,3.65,,,,
848,0.24,3.65,,,,
850,0.24,3.65,,,,
852,0.24,3.65,,,,
854,0.24,3.65,,,,
856,0.23,3.65,,,,
858,0.24,3.65,,,,
860,0.24,3.65,,,,
862,0.24,3.65,,,,
864,0.24,3.65,,,,
866,0.24,3.65,,,,
868,0.24,3.65,,,,
870,0.23,3.65,,,,
872,0.23,3.65,,,,
874,0.24,3.65,,,,
876,0.21,3.65,,,,
878,0.24,3.65,,,,
880,0.23,3.65,,,,
882,0.24,3.65,,,,
884,0.23,3.65,,,,
886,0.24,3.65,,,,
888,0.2,3.65,,,,
890,0.22,3.65,,,,
892,0.23,3.65,,,,
894,0.22,3.65,,,,
896,0.22,3.65,,,,
898,0.22,3.65,,,,
900,0.2,3.65,,,,
902,0.22,3.65,,,,
904,0.2,3.65,,,,
906,0.22,3.65,,,,
908,0.23,3.65,,,,
910,0.2,3.65,,,,
912,0.23,3.65,,,,
914,0.23,3.65,,,,
916,0.21,3.65,,,,
918,0.2,3.65,,,,
920,0.21,3.65,,,,
922,0.22,3.65,,,,
924,0.2,3.65,,,,
926,0.22,3.65,,,,
928,0.2,3.65,,,,
930,0.21,3.65,,,,
932,0.2,3.65,,,,
934,0.21,3.65,,,,
936,0.21,3.65,,,,
938,0.23,3.65,,,,
940,0.2,3.65,,,,
942,0.2,3.65,,,,
944,0.2,3.65,,,,
946,0.2,3.65,,,,
948,0.2,3.65,,,,
950,0.21,3.65,,,,
952,0.2,3.65,,,,
954,0.2,3.65,,,,
956,0.2,3.65,,,,
958,0.2,3.65,,,,
960,0.2,3.65,,,,
962,0.2,3.65,,,,
964,0.21,3.65,,,,
966,0.2,3.65,,,,
968,0.2,3.65,,,,
970,0.2,3.65,,,,
972,0.2,3.65,,,,
974,0.2,3.65,,,,
976,0.2,3.65,,,,
978,0.2,3.65,,,,
982,0.2,3.65,,,,
984,0.2,3.65,,,,
986,0.2,3.65,,,,
988,0.2,3.65,,,,
990,0.2,3.65,,,,
992,0.2,3.65,,,,
994,0.2,3.65,,,,
996,0.2,3.65,,,,
1000,0.2,3.65,,,,
1002,0.2,3.65,,,,
1004,0.2,3.65,,,,
1006,0.2,3.65,,,,
1012,0.2,3.65,,,,
1016,0.2,3.65,,,,
1018,0.2,3.65,,,,
1024,0.2,3.65,,,,
1030,0.2,3.65,,,,
1034,0.2,3.65,,,,
1038,0.18,3.65,,,,
1042,0.2,3.65,,,,
1046,0.2,3.65,,,,
1048,0.2,3.65,,,,
1050,0.18,3.65,,,,
1056,0.2,3.65,,,,
1058,0.16,3.65,,,,
1060,0.2,3.65,,,,
1064,0.18,3.65,,,,
1070,0.16,3.65,,,,
1072,0.16,3.65,,,,
1076,0.16,3.65,,,,
1078,0.16,3.65,,,,
1082,0.16,3.65,,,,
1092,0.2,3.65,,,,
1094,0.16,3.65,,,,
1098,0.16,3.65,,,,
1100,0.18,3.65,,,,
1102,0.16,3.65,,,,
1104,0.16,3.65,,,,
1112,0.16,3.65,,,,
1116,0.15,3.65,,,,
1118,0.18,3.65,,,,
1120,0.15,3.65,,,,
1122,0.16,3.65,,,,
1126,0.15,3.65,,,,
1128,0.16,3.65,,,,
1130,0.18,3.65,,,,
1132,0.16,3.65,,,,
1134,0.16,3.65,,,,
1136,0.18,3.65,,,,
1138,0.15,3.65,,,,
1140,0.16,3.65,,,,
1142,0.16,3.65,,,,
1144,0.15,3.65,,,,
1146,0.15,3.65,,,,
1148,0.16,3.65,,,,
1150,0.16,3.65,,,,
1152,0.15,3.65,,,,
1154,0.16,3.65,,,,
1156,0.15,3.65,,,,
1158,0.16,3.65,,,,
1160,0.15,3.65,,,,
1162,0.15,3.65,,,,
1164,0.15,3.65,,,,
1166,0.16,3.65,,,,
1168,0.15,3.65,,,,
1170,0.16,3.65,,,,
1172,0.15,3.65,,,,
1174,0.15,3.65,,,,
1176,0.16,3.65,,,,
1178,0.15,3.65,,,,
1180,0.15,3.65,,,,
1182,0.15,3.65,,,,
1184,0.15,3.65,,,,
1186,0.18,3.65,,,,
1188,0.15,3.65,,,,
1190,0.15,3.65,,,,
1192,0.16,3.65,,,,
1194,0.15,3.65,,,,
1196,0.16,3.65,,,,
1198,0.16,3.65,,,,
1200,0.15,3.65,,,,
1202,0.15,3.65,,,,
1204,0.15,3.65,,,,
1206,0.16,3.65,,,,
1208,0.15,3.65,,,,
1210,0.15,3.65,,,,
1212,0.15,3.65,,,,
1214,0.15,3.65,,,,
1216,0.15,3.65,,,,
1218,0.15,3.65,,,,
1220,0.15,3.65,,,,
1222,0.15,3.65,,,,
1224,0.15,3.65,,,,
1226,0.15,3.65,,,,
1228,0.15,3.65,,,,
1230,0.16,3.65,,,,
1232,0.15,3.65,,,,
1234,0.15,3.65,,,,
1236,0.15,3.65,,,,
1238,0.16,3.65,,,,
1240,0.15,3.65,,,,
1242,0.15,3.65,,,,
1244,0.15,3.65,,,,
1246,0.15,3.65,,,,
1248,0.15,3.65,,,,
1250,0.15,3.65,,,,
1252,0.15,3.65,,,,
1254,0.15,3.65,,,,
1256,0.15,3.65,,,,
1258,0.15,3.65,,,,
1260,0.15,3.65,,,,
1262,0.15,3.65,,,,
1264,0.15,3.65,,,,
1266,0.15,3.65,,,,
1268,0.15,3.65,,,,
1270,0.15,3.65,,,,
1272,0.15,3.65,,,,
1274,0.15,3.65,,,,
1276,0.15,3.65,,,,
1278,0.15,3.65,,,,
1280,0.15,3.65,,,,
1282,0.15,3.65,,,,
1284,0.15,3.65,,,,
1286,0.15,3.65,,,,
1288,0.15,3.65,,,,
1290,0.15,3.65,,,,
1292,0.15,3.65,,,,
1294,0.15,3.65,,,,
1296,0.15,3.65,,,,
1298,0.15,3.65,,,,
1300,0.15,3.65,,,,
1302,0.15,3.65,,,,
1304,0.15,3.65,,,,
1306,0.15,3.65,,,,
1308,0.15,3.65,,,,
1310,0.15,3.65,,,,
1312,0.15,3.65,,,,
1314,0.15,3.65,,,,
1316,0.15,3.65,,,,
1318,0.15,3.65,,,,
1320,0.15,3.65,,,,
1322,0.15,3.65,,,,
1324,0.15,3.65,,,,
1326,0.15,3.65,,,,
1328,0.12,3.65,,,,
1330,0.15,3.65,,,,
1332,0.15,3.65,,,,
1334,0.15,3.65,,,,
1336,0.15,3.65,,,,
1338,0.14,3.65,,,,
1340,0.15,3.65,,,,
1342,0.15,3.65,,,,
1344,0.15,3.65,,,,
1346,0.14,3.65,,,,
1348,0.15,3.65,,,,
1350,0.15,3.65,,,,
1352,0.15,3.65,,,,
1354,0.11,3.65,,,,
1356,0.15,3.65,,,,
1358,0.12,3.65,,,,
1360,0.15,3.65,,,,
1362,0.15,3.65,,,,
1364,0.15,3.65,,,,
1366,0.15,3.65,,,,
1368,0.15,3.65,,,,
1370,0.15,3.65,,,,
1372,0.15,3.65,,,,
1374,0.15,3.65,,,,
1376,0.15,3.65,,,,
1378,0.15,3.65,,,,
1380,0.13,3.65,,,,
1382,0.13,3.65,,,,
1384,0.15,3.65,,,,
1386,0.14,3.65,,,,
1388,0.14,3.65,,,,
1390,0.15,3.65,,,,
1392,0.13,3.65,,,,
1394,0.14,3.65,,,,
1396,0.15,3.65,,,,
1398,0.12,3.65,,,,
1400,0.15,3.65,,,,
1402,0.15,3.65,,,,
1404,0.12,3.65,,,,
1406,0.14,3.65,,,,
1408,0.15,3.65,,,,
1410,0.12,3.65,,,,
1412,0.14,3.65,,,,
1414,0.15,3.65,,,,
1416,0.13,3.65,,,,
1418,0.15,3.65,,,,
1420,0.12,3.65,,,,
1422,0.12,3.65,,,,
1424,0.13,3.65,,,,
1426,0.15,3.65,,,,
1428,0.14,3.65,,,,
1430,0.15,3.65,,,,
1432,0.15,3.65,,,,
1434,0.15,3.65,,,,
1436,0.12,3.65,,,,
1438,0.13,3.65,,,,
1440,0.15,3.65,,,,
1442,0.15,3.65,,,,
1444,0.15,3.65,,,,
1446,0.15,3.65,,,,
1448,0.15,3.65,,,,
1450,0.13,3.65,,,,
1452,0.12,3.65,,,,
1454,0.14,3.65,,,,
1456,0.15,3.65,,,,
1458,0.15,3.65,,,,
1460,0.15,3.65,,,,
1462,0.13,3.65,,,,
1464,0.12,3.65,,,,
1466,0.11,3.65,,,,
1468,0.13,3.65,,,,
1470,0.15,3.65,,,,
1472,0.12,3.65,,,,
1474,0.12,3.65,,,,
1476,0.12,3.65,,,,
1478,0.15,3.65,,,,
1480,0.12,3.65,,,,
1482,0.14,3.65,,,,
1484,0.12,3.65,,,,
1486,0.14,3.65,,,,
1488,0.12,3.65,,,,
1490,0.13,3.65,,,,
1492,0.11,3.65,,,,
1494,0.12,3.65,,,,
1496,0.13,3.65,,,,
1498,0.14,3.65,,,,
1500,0.13,3.65,,,,
1502,0.12,3.65,,,,
1504,0.13,3.65,,,,
1506,0.14,3.65,,,,
1508,0.15,3.65,,,,
1510,0.12,3.65,,,,
1512,0.13,3.65,,,,
1514,0.12,3.65,,,,
1516,0.12,3.65,,,,
1518,0.11,3.65,,,,
1520,0.11,3.65,,,,
1522,0.12,3.65,,,,
1524,0.12,3.65,,,,
1526,0.11,3.65,,,,
1528,0.15,3.65,,,,
1530,0.15,3.65,,,,
1532,0.13,3.65,,,,
1534,0.14,3.65,,,,
1536,0.12,3.65,,,,
1538,0.12,3.65,,,,
1540,0.11,3.65,,,,
1542,0.11,3.65,,,,
1544,0.12,3.65,,,,
1546,0.12,3.65,,,,
1548,0.12,3.65,,,,
1550,0.12,3.65,,,,
1552,0.12,3.65,,,,
1554,0.13,3.65,,,,
1556,0.11,3.65,,,,
1558,0.12,3.65,,,,
1560,0.12,3.65,,,,
1562,0.11,3.65,,,,
1564,0.12,3.65,,,,
1566,0.11,3.65,,,,
1568,0.12,3.65,,,,
1570,0.14,3.65,,,,
1572,0.15,3.65,,,,
1574,0.11,3.65,,,,
1576,0.11,3.65,,,,
1578,0.11,3.65,,,,
1580,0.11,3.65,,,,
1582,0.14,3.65,,,,
1584,0.11,3.65,,,,
1586,0.11,3.65,,,,
1588,0.15,3.65,,,,
1590,0.11,3.65,,,,
1592,0.15,3.65,,,,
1594,0.11,3.65,,,,
1596,0.12,3.65,,,,
1598,0.12,3.65,,,,
1600,0.12,3.65,,,,
1602,0.11,3.65,,,,
1604,0.11,3.65,,,,
1606,0.12,3.65,,,,
1608,0.11,3.65,,,,
1610,0.12,3.65,,,,
1612,0.11,3.65,,,,
1614,0.11,3.65,,,,
1616,0.11,3.65,,,,
1618,0.12,3.65,,,,
1620,0.11,3.65,,,,
1622,0.12,3.65,,,,
1624,0.12,3.65,,,,
1626,0.13,3.65,,,,
1628,0.11,3.65,,,,
1630,0.11,3.65,,,,
1632,0.11,3.65,,,,
1634,0.11,3.65,,,,
1636,0.11,3.65,,,,
1638,0.12,3.65,,,,
1640,0.11,3.65,,,,
1642,0.11,3.65,,,,
1644,0.12,3.65,,,,
1646,0.11,3.65,,,,
1648,0.11,3.65,,,,
1650,0.11,3.65,,,,
1652,0.11,3.65,,,,
1654,0.11,3.65,,,,
1656,0.11,3.65,,,,
1658,0.12,3.65,,,,
1660,0.11,3.65,,,,
1662,0.12,3.65,,,,
1664,0.11,3.65,,,,
1666,0.11,3.65,,,,
1668,0.12,3.65,,,,
1670,0.11,3.65,,,,
1672,0.12,3.65,,,,
1674,0.11,3.65,,,,
1676,0.11,3.65,,,,
1678,0.11,3.65,,,,
1680,0.12,3.65,,,,
1682,0.11,3.65,,,,
1684,0.11,3.65,,,,
1686,0.11,3.65,,,,
1688,0.11,3.65,,,,
1690,0.11,3.65,,,,
1692,0.12,3.65,,,,
1694,0.11,3.65,,,,
1696,0.12,3.65,,,,
1698,0.11,3.65,,,,
1700,0.11,3.65,,,,
1702,0.11,3.65,,,,
1704,0.11,3.65,,,,
1706,0.11,3.65,,,,
1708,0.11,3.65,,,,
1710,0.12,3.65,,,,
1712,0.11,3.65,,,,
1714,0.12,3.65,,,,
1716,0.11,3.65,,,,
1718,0.11,3.65,,,,
1720,0.11,3.65,,,,
1722,0.11,3.65,,,,
1724,0.11,3.65,,,,
1726,0.12,3.65,,,,
1728,0.11,3.65,,,,
1730,0.11,3.65,,,,
1732,0.11,3.65,,,,
1734,0.11,3.65,,,,
1736,0.12,3.65,,,,
1738,0.11,3.65,,,,
1740,0.11,3.65,,,,
1742,0.11,3.65,,,,
1744,0.11,3.65,,,,
1746,0.11,3.65,,,,
1748,0.11,3.65,,,,
1750,0.11,3.65,,,,
1750,0,3.65,,,,
1750,0,3.65,,,,
1752,0,3.65,,,,
1754,0,3.65,,,,
1756,0,3.65,,,,
1758,0,3.65,,,,
1760,0,3.65,,,,
1762,0,3.65,,,,
1764,0,3.65,,,,
1766,0,3.65,,,,
1768,0,3.65,,,,
1770,0,3.643,,,,
1774,0,3.639,,,,
1776,0,3.639,,,,
1778,0,3.639,,,,
1780,0,3.639,,,,
1782,0,3.639,,,,
1784,0,3.639,,,,
1786,0,3.639,,,,
1788,0,3.639,,,,
1790,0,3.639,,,,
1792,0,3.639,,,,
1794,0,3.638,,,,
1796,0,3.638,,,,
1798,0,3.638,,,,
1800,0,3.638,,,,
1802,0,3.638,,,,
1804,0,3.637,,,,
1806,0,3.635,,,,
1808,0,3.633,,,,
1810,0,3.632,,,,
1812,0,3.632,,,,
1814,0,3.632,,,,
1816,0.36,3.632,,,,
1818,0.36,3.63,,,,
1820,0.36,3.625,,,,
1822,0.36,3.625,,,,
1824,0.36,3.624,,,,
1830,0.36,3.616,,,,
1832,0.36,3.616,,,,
1834,0.36,3.61,,,,
1836,0.36,3.61,,,,
1838,0.36,3.61,,,,
1840,0.36,3.609,,,,
1842,0.36,3.609,,,,
1844,0.36,3.603,,,,
1846,0.36,3.603,,,,
1848,0.36,3.603,,,,
1850,0.36,3.602,,,,
1852,0.36,3.601,,,,
1854,0.36,3.595,,,,
1856,0.36,3.595,,,,
1858,0.36,3.595,,,,
1860,0.36,3.594,,,,
1862,0.36,3.594,,,,
1864,0.36,3.59,,,,
1866,0.36,3.588,,,,
1868,0.36,3.588,,,,
1870,0.36,3.588,,,,
1872,0.36,3.587,,,,
1873,0.36,3.587,,,,
1873,0.36,3.587,,,,
1875,0,3.587,,,,
1877,0,3.588,,,,
1879,0,3.588,,,,
1881,0,3.588,,,,
1883,0,3.588,,,,
1885,0,3.588,,,,
1887,0,3.588,,,,
1889,0,3.588,,,,
1891,0,3.588,,,,
1893,0,3.588,,,,
1895,0,3.588,,,,
1897,0,3.588,,,,
1899,0,3.588,,,,
1901,0,3.588,,,,
1903,0,3.588,,,,
1905,0,3.588,,,,
1907,0,3.588,,,,
1909,0,3.588,,,,
1911,0,3.588,,,,
1913,0,3.588,,,,
1915,0,3.588,,,,
1917,0,3.588,,,,
1919,0,3.588,,,,
1921,0,3.588,,,,
1923,0,3.588,,,,
1925,0,3.588,,,,
1927,0,3.588,,,,
1929,0,3.588,,,,
1931,0,3.588,,,,
1933,0,3.588,,,,
1935,0,3.588,,,,
1937,0,3.588,,,,
1937,0,3.588,,,,
1939,0.36,3.588,,,,
1941,0.36,3.594,,,,
1943,0.36,3.594,,,,
1945,0.36,3.595,,,,
1947,0.36,3.595,,,,
1949,0.36,3.595,,,,
1951,0.36,3.596,,,,
1953,0.36,3.602,,,,
1955,0.36,3.602,,,,
1957,0.36,3.603,,,,
1959,0.36,3.603,,,,
1961,0.36,3.603,,,,
1963,0.36,3.605,,,,
1965,0.36,3.609,,,,
1967,0.36,3.609,,,,
1969,0.36,3.61,,,,
1971,0.36,3.61,,,,
1973,0.36,3.61,,,,
1975,0.36,3.61,,,,
1977,0.36,3.61,,,,
1979,0.36,3.615,,,,
1981,0.36,3.616,,,,
1989,0.36,3.618,,,,
1991,0.36,3.624,,,,
1993,0.36,3.624,,,,
1995,0.36,3.625,,,,
1997,0.36,3.625,,,,
1999,0.36,3.625,,,,
2001,0.36,3.625,,,,
2003,0.36,3.625,,,,
2005,0.36,3.63,,,,
2007,0.36,3.631,,,,
2009,0.36,3.631,,,,
2011,0.36,3.632,,,,
2013,0.36,3.632,,,,
2015,0.36,3.632,,,,
2017,0.36,3.632,,,,
2019,0.36,3.637,,,,
2021,0.36,3.638,,,,
2023,0.36,3.638,,,,
2025,0.36,3.639,,,,
2027,0.36,3.639,,,,
2029,0.36,3.639,,,,
2031,0.36,3.639,,,,
2033,0.36,3.639,,,,
2035,0.36,3.65,,,,
2037,0.36,3.65,,,,
2039,0.36,3.65,,,,
2041,0.36,3.65,,,,
2043,0.36,3.65,,,,
2045,0.36,3.65,,,,
2047,0.36,3.65,,,,
2049,0.21,3.65,,,,
2051,0.2,3.65,,,,
2053,0.16,3.65,,,,
2055,0.16,3.65,,,,
2057,0.16,3.65,,,,
2059,0.15,3.65,,,,
2061,0.15,3.65,,,,
2063,0.15,3.65,,,,
2065,0.15,3.65,,,,
2067,0.15,3.65,,,,
2069,0.15,3.65,,,,
2071,0.14,3.65,,,,
2073,0.12,3.65,,,,
2075,0.15,3.65,,,,
2077,0.15,3.65,,,,
2079,0.15,3.65,,,,
2081,0.14,3.65,,,,
2083,0.12,3.65,,,,
2085,0.15,3.65,,,,
2087,0.11,3.65,,,,
2089,0.11,3.65,,,,
2091,0.11,3.65,,,,
2093,0.12,3.65,,,,
2095,0.12,3.65,,,,
2097,0.14,3.65,,,,
2099,0.11,3.65,,,,
2101,0.11,3.65,,,,
2103,0.12,3.65,,,,
2105,0.13,3.65,,,,
2107,0.11,3.65,,,,
2109,0.14,3.65,,,,
2111,0.11,3.65,,,,
2113,0.11,3.65,,,,
2115,0.11,3.65,,,,
2117,0.11,3.65,,,,
2119,0.11,3.65,,,,
2121,0.11,3.65,,,,
2123,0.11,3.65,,,,
2125,0.11,3.65,,,,
2127,0.11,3.65,,,,
2129,0.11,3.65,,,,
2131,0.11,3.65,,,,
2133,0.11,3.65,,,,
2135,0.11,3.65,,,,
2137,0.11,3.65,,,,
2139,0.11,3.65,,,,
2141,0.11,3.65,,,,
2143,0.11,3.65,,,,
2145,0.11,3.65,,,,
2147,0.11,3.65,,,,
2149,0.11,3.65,,,,
2151,0.11,3.65,,,,
2153,0.11,3.65,,,,
2155,0.11,3.65,,,,
2157,0.11,3.65,,,,
2159,0.11,3.65,,,,
2161,0.11,3.65,,,,
2162,0,3.65,,,,
2162,0,3.65,,,,
2164,0,3.65,,,,
2166,0,3.65,,,,
2168,0,3.65,,,,
2170,0,3.65,,,,
2172,0,3.65,,,,
2174,0,3.65,,,,
2176,0,3.65,,,,
2178,0,3.65,,,,
2180,0,3.65,,,,
2182,0,3.643,,,,
2184,0,3.64,,,,
2186,0,3.639,,,,
2188,0,3.639,,,,
2190,0,3.639,,,,
2192,0,3.639,,,,
2194,0,3.639,,,,
2196,0,3.639,,,,
2198,0,3.639,,,,
2200,0,3.639,,,,
2202,0,3.639,,,,
2204,0,3.639,,,,
2206,0,3.638,,,,
2208,0,3.639,,,,
2210,0,3.638,,,,
2212,0,3.638,,,,
2214,0,3.638,,,,
2216,0,3.638,,,,
2218,0,3.638,,,,
2220,0,3.636,,,,
2222,0,3.634,,,,
2224,0,3.632,,,,
2226,0,3.632,,,,
2227,0.36,3.632,,,,
2229,0.36,3.631,,,,
2231,0.36,3.625,,,,
2233,0.36,3.625,,,,
2235,0.36,3.625,,,,
2237,0.36,3.624,,,,
2243,0.36,3.616,,,,
2245,0.36,3.612,,,,
2247,0.36,3.61,,,,
2249,0.36,3.61,,,,
2251,0.36,3.61,,,,
2253,0.36,3.609,,,,
2255,0.36,3.605,,,,
2257,0.36,3.603,,,,
2259,0.36,3.603,,,,
2261,0.36,3.602,,,,
2263,0.36,3.602,,,,
2265,0.36,3.595,,,,
2267,0.36,3.595,,,,
2269,0.36,3.595,,,,
2271,0.36,3.595,,,,
2273,0.36,3.594,,,,
2275,0.36,3.592,,,,
2277,0.36,3.588,,,,
2279,0.36,3.588,,,,
2281,0.36,3.588,,,,
2283,0.36,3.587,,,,
2285,0.36,3.587,,,,
2285,0.36,3.587,,,,
2285,0.36,3.587,,,,
2287,0,3.587,,,,
2289,0,3.587,,,,
2291,0,3.588,,,,
2293,0,3.588,,,,
2295,0,3.588,,,,
2297,0,3.588,,,,
2299,0,3.588,,,,
2301,0,3.588,,,,
2303,0,3.588,,,,
2305,0,3.588,,,,
2307,0,3.588,,,,
2309,0,3.588,,,,
2311,0,3.588,,,,
2313,0,3.588,,,,
2315,0,3.588,,,,
2317,0,3.588,,,,
2319,0,3.588,,,,
2321,0,3.588,,,,
2323,0,3.588,,,,
2325,0,3.588,,,,
2327,0,3.588,,,,
2329,0,3.588,,,,
2331,0,3.588,,,,
2333,0,3.588,,,,
2335,0,3.588,,,,
2337,0,3.588,,,,
2339,0,3.588,,,,
2341,0,3.588,,,,
2343,0,3.588,,,,
2345,0,3.588,,,,
2347,0,3.588,,,,
2349,0,3.588,,,,
2351,0.36,3.588,,,,
2353,0.36,3.594,,,,
2355,0.36,3.595,,,,
2357,0.36,3.595,,,,
2359,0.36,3.595,,,,
2361,0.36,3.595,,,,
2363,0.36,3.599,,,,
2365,0.36,3.602,,,,
2367,0.36,3.603,,,,
2369,0.36,3.603,,,,
2371,0.36,3.603,,,,
2373,0.36,3.603,,,,
2375,0.36,3.608,,,,
2377,0.36,3.609,,,,
2379,0.36,3.61,,,,
2381,0.36,3.61,,,,
2383,0.36,3.61,,,,
2385,0.36,3.61,,,,
2387,0.36,3.61,,,,
2389,0.36,3.614,,,,
2391,0.36,3.616,,,,
2399,0.36,3.618,,,,
2401,0.36,3.624,,,,
2403,0.36,3.624,,,,
2405,0.36,3.625,,,,
2407,0.36,3.625,,,,
2409,0.36,3.625,,,,
2411,0.36,3.625,,,,
2413,0.36,3.625,,,,
2415,0.36,3.631,,,,
2417,0.36,3.631,,,,
2419,0.36,3.632,,,,
2421,0.36,3.632,,,,
2423,0.36,3.632,,,,
2425,0.36,3.632,,,,
2427,0.36,3.635,,,,
2429,0.36,3.638,,,,
2431,0.36,3.638,,,,
2433,0.36,3.639,,,,
2435,0.36,3.639,,,,
2437,0.36,3.639,,,,
2439,0.36,3.639,,,,
2441,0.36,3.639,,,,
2443,0.36,3.65,,,,
2445,0.36,3.65,,,,
2447,0.36,3.65,,,,
2449,0.36,3.65,,,,
2451,0.36,3.65,,,,
2453,0.36,3.65,,,,
2455,0.35,3.65,,,,
2457,0.2,3.65,,,,
2459,0.16,3.65,,,,
2461,0.15,3.65,,,,
2463,0.15,3.65,,,,
2465,0.15,3.65,,,,
2467,0.15,3.65,,,,
2469,0.15,3.65,,,,
2471,0.15,3.65,,,,
2473,0.12,3.65,,,,
2475,0.12,3.65,,,,
2477,0.15,3.65,,,,
2479,0.14,3.65,,,,
2481,0.12,3.65,,,,
2483,0.12,3.65,,,,
2485,0.13,3.65,,,,
2487,0.11,3.65,,,,
2489,0.11,3.65,,,,
2491,0.11,3.65,,,,
2493,0.11,3.65,,,,
2495,0.12,3.65,,,,
2497,0.11,3.65,,,,
2499,0.11,3.65,,,,
2501,0.11,3.65,,,,
2503,0.11,3.65,,,,
2505,0.11,3.65,,,,
2507,0.11,3.65,,,,
2509,0.11,3.65,,,,
2511,0.11,3.65,,,,
2513,0.11,3.65,,,,
2515,0.11,3.65,,,,
2517,0.11,3.65,,,,
2519,0.11,3.65,,,,
2520,0.1,3.65,,,,
2520,0.1,3.65,,,,
2522,0,3.65,,,,
2524,0,3.65,,,,
2526,0,3.65,,,,
2528,0,3.65,,,,
2530,0,3.65,,,,
2532,0,3.65,,,,
2534,0,3.65,,,,
2536,0,3.65,,,,
2538,0,3.65,,,,
2540,0,3.65,,,,
2542,0,3.641,,,,
2544,0,3.639,,,,
2546,0,3.639,,,,
2548,0,3.639,,,,
2550,0,3.639,,,,
2552,0,3.639,,,,
2554,0,3.639,,,,
2556,0,3.639,,,,
2558,0,3.639,,,,
2560,0,3.639,,,,
2562,0,3.639,,,,
2564,0,3.639,,,,
2566,0,3.638,,,,
2568,0,3.638,,,,
2570,0,3.638,,,,
2572,0,3.638,,,,
2574,0,3.638,,,,
2576,0,3.638,,,,
2578,0,3.637,,,,
2580,0,3.636,,,,
2582,0,3.634,,,,
2584,0,3.633,,,,
2584,0,3.632,,,,
2586,0.36,3.632,,,,
2588,0.36,3.631,,,,
2590,0.36,3.626,,,,
2592,0.36,3.625,,,,
2594,0.36,3.625,,,,
2596,0.36,3.624,,,,
2598,0.36,3.618,,,,
2604,0.36,3.615,,,,
2606,0.36,3.61,,,,
2608,0.36,3.61,,,,
2610,0.36,3.61,,,,
2612,0.36,3.61,,,,
2614,0.36,3.609,,,,
2616,0.36,3.603,,,,
2618,0.36,3.603,,,,
2620,0.36,3.603,,,,
2622,0.36,3.602,,,,
2624,0.36,3.601,,,,
2626,0.36,3.595,,,,
2628,0.36,3.595,,,,
2630,0.36,3.595,,,,
2632,0.36,3.594,,,,
2634,0.36,3.594,,,,
2636,0.36,3.591,,,,
2638,0.36,3.588,,,,
2640,0.36,3.588,,,,
2642,0.36,3.588,,,,
2644,0.36,3.587,,,,
2644,0.36,3.587,,,,
2644,0.36,3.587,,,,
2646,0,3.588,,,,
2648,0,3.588,,,,
2650,0,3.588,,,,
2652,0,3.588,,,,
2654,0,3.588,,,,
2656,0,3.588,,,,
2658,0,3.588,,,,
2660,0,3.588,,,,
2662,0,3.588,,,,
2664,0,3.588,,,,
2666,0,3.588,,,,
2668,0,3.588,,,,
2670,0,3.588,,,,
2672,0,3.588,,,,
2674,0,3.588,,,,
2676,0,3.588,,,,
2678,0,3.588,,,,
2680,0,3.588,,,,
2682,0,3.588,,,,
2684,0,3.588,,,,
2686,0,3.588,,,,
2688,0,3.588,,,,
2690,0,3.588,,,,
2692,0,3.588,,,,
2694,0,3.588,,,,
2696,0,3.588,,,,
2698,0,3.588,,,,
2700,0,3.588,,,,
2702,0,3.588,,,,
2704,0,3.588,,,,
2706,0,3.588,,,,
2708,0,3.588,,,,
2709,0.36,3.589,,,,
2711,0.36,3.594,,,,
2713,0.36,3.595,,,,
2715,0.36,3.595,,,,
2717,0.36,3.595,,,,
2719,0.36,3.597,,,,
2721,0.36,3.602,,,,
2723,0.36,3.603,,,,
2725,0.36,3.603,,,,
2727,0.36,3.603,,,,
2729,0.36,3.603,,,,
2731,0.36,3.607,,,,
2733,0.36,3.609,,,,
2735,0.36,3.61,,,,
2737,0.36,3.61,,,,
2739,0.36,3.61,,,,
2741,0.36,3.61,,,,
2743,0.36,3.61,,,,
2745,0.36,3.615,,,,
2747,0.36,3.616,,,,
2755,0.36,3.62,,,,
2757,0.36,3.624,,,,
2759,0.36,3.624,,,,
2761,0.36,3.625,,,,
2763,0.36,3.625,,,,
2765,0.36,3.625,,,,
2767,0.36,3.625,,,,
2769,0.36,3.63,,,,
2771,0.36,3.631,,,,
2773,0.36,3.631,,,,
2775,0.36,3.632,,,,
2777,0.36,3.632,,,,
2779,0.36,3.632,,,,
2781,0.36,3.634,,,,
2783,0.36,3.638,,,,
2785,0.36,3.638,,,,
2787,0.36,3.639,,,,
2789,0.36,3.639,,,,
2791,0.36,3.639,,,,
2793,0.36,3.639,,,,
2795,0.36,3.64,,,,
2797,0.36,3.65,,,,
2799,0.36,3.65,,,,
2801,0.36,3.65,,,,
2803,0.36,3.65,,,,
2805,0.36,3.65,,,,
2807,0.36,3.65,,,,
2809,0.28,3.65,,,,
2811,0.18,3.65,,,,
2813,0.16,3.65,,,,
2815,0.15,3.65,,,,
2817,0.15,3.65,,,,
2819,0.12,3.65,,,,
2821,0.15,3.65,,,,
2823,0.12,3.65,,,,
2825,0.15,3.65,,,,
2827,0.11,3.65,,,,
2829,0.12,3.65,,,,
2831,0.12,3.65,,,,
2833,0.12,3.65,,,,
2835,0.11,3.65,,,,
2837,0.12,3.65,,,,
2839,0.11,3.65,,,,
2841,0.11,3.65,,,,
2843,0.11,3.65,,,,
2845,0.11,3.65,,,,
2847,0.11,3.65,,,,
2849,0.11,3.65,,,,
2851,0.11,3.65,,,,
2853,0.11,3.65,,,,
2855,0.11,3.65,,,,
2856,0,3.65,,,,
2856,0,3.65,,,,
2858,0,3.65,,,,
2860,0,3.65,,,,
2862,0,3.65,,,,
2864,0,3.65,,,,
2866,0,3.65,,,,
2868,0,3.65,,,,
2870,0,3.65,,,,
2872,0,3.65,,,,
2874,0,3.65,,,,
2876,0,3.644,,,,
2878,0,3.642,,,,
2880,0,3.639,,,,
2882,0,3.639,,,,
2884,0,3.639,,,,
2886,0,3.639,,,,
2888,0,3.639,,,,
2890,0,3.639,,,,
2892,0,3.639,,,,
2894,0,3.639,,,,
2896,0,3.639,,,,
2898,0,3.639,,,,
2900,0,3.639,,,,
2902,0,3.639,,,,
2904,0,3.638,,,,
2906,0,3.638,,,,
2908,0,3.638,,,,
2910,0,3.638,,,,
2912,0,3.638,,,,
2914,0,3.638,,,,
2916,0,3.638,,,,
2918,0,3.636,,,,
2920,0,3.634,,,,
2922,0.36,3.632,,,,
2924,0.36,3.631,,,,
2926,0.36,3.626,,,,
2928,0.36,3.625,,,,
2930,0.36,3.625,,,,
2932,0.36,3.624,,,,
2934,0.36,3.618,,,,
2940,0.36,3.615,,,,
2942,0.36,3.61,,,,
2944,0.36,3.61,,,,
2946,0.36,3.61,,,,
2948,0.36,3.609,,,,
2950,0.36,3.608,,,,
2952,0.36,3.603,,,,
2954,0.36,3.603,,,,
2956,0.36,3.603,,,,
2958,0.36,3.602,,,,
2960,0.36,3.599,,,,
2962,0.36,3.595,,,,
2964,0.36,3.595,,,,
2966,0.36,3.595,,,,
2968,0.36,3.594,,,,
2970,0.36,3.594,,,,
2972,0.36,3.589,,,,
2974,0.36,3.588,,,,
2976,0.36,3.588,,,,
2978,0.36,3.588,,,,
2980,0.36,3.587,,,,
2980,0.36,3.587,,,,
2982,0,3.588,,,,
2984,0,3.588,,,,
2986,0,3.588,,,,
2988,0,3.588,,,,
2990,0,3.588,,,,
2992,0,3.588,,,,
2994,0,3.588,,,,
2996,0,3.588,,,,
2998,0,3.588,,,,
3000,0,3.588,,,,
3002,0,3.588,,,,
3004,0,3.588,,,,
3006,0,3.588,,,,
3008,0,3.588,,,,
3010,0,3.588,,,,
3012,0,3.588,,,,
3014,0,3.588,,,,
3016,0,3.588,,,,
3018,0,3.588,,,,
3020,0,3.588,,,,
3022,0,3.588,,,,
3024,0,3.588,,,,
3026,0,3.588,,,,
3028,0,3.588,,,,
3030,0,3.588,,,,
3032,0,3.588,,,,
3034,0,3.588,,,,
3036,0,3.588,,,,
3038,0,3.588,,,,
3040,0,3.588,,,,
3042,0,3.588,,,,
3044,0,3.588,,,,
3044,0,3.588,,,,
3046,0.36,3.592,,,,
3048,0.36,3.594,,,,
3050,0.36,3.595,,,,
3052,0.36,3.595,,,,
3054,0.36,3.595,,,,
3056,0.36,3.599,,,,
3058,0.36,3.602,,,,
3060,0.36,3.603,,,,
3062,0.36,3.603,,,,
3064,0.36,3.603,,,,
3066,0.36,3.605,,,,
3068,0.36,3.609,,,,
3070,0.36,3.609,,,,
3072,0.36,3.61,,,,
3074,0.36,3.61,,,,
3076,0.36,3.61,,,,
3078,0.36,3.61,,,,
3080,0.36,3.612,,,,
3082,0.36,3.616,,,,
3090,0.36,3.618,,,,
3092,0.36,3.624,,,,
3094,0.36,3.624,,,,
3096,0.36,3.625,,,,
3098,0.36,3.625,,,,
3100,0.36,3.625,,,,
3102,0.36,3.625,,,,
3104,0.36,3.628,,,,
3106,0.36,3.631,,,,
3108,0.36,3.631,,,,
3110,0.36,3.632,,,,
3112,0.36,3.632,,,,
3114,0.36,3.632,,,,
3116,0.36,3.634,,,,
3118,0.36,3.638,,,,
3120,0.36,3.638,,,,
3122,0.36,3.638,,,,
3124,0.36,3.639,,,,
3126,0.36,3.639,,,,
3128,0.36,3.639,,,,
3130,0.36,3.641,,,,
3132,0.36,3.65,,,,
3134,0.36,3.65,,,,
3136,0.36,3.65,,,,
3138,0.36,3.65,,,,
3140,0.36,3.65,,,,
3142,0.35,3.65,,,,
3146,0.15,3.65,,,,
3148,0.15,3.65,,,,
3150,0.15,3.65,,,,
3152,0.15,3.65,,,,
3154,0.12,3.65,,,,
3156,0.12,3.65,,,,
3158,0.15,3.65,,,,
3160,0.11,3.65,,,,
3162,0.12,3.65,,,,
3164,0.11,3.65,,,,
3166,0.11,3.65,,,,
3168,0.11,3.65,,,,
3170,0.11,3.65,,,,
3172,0.11,3.65,,,,
3174,0.11,3.65,,,,
3176,0.11,3.65,,,,
3178,0.11,3.65,,,,
3180,0.11,3.65,,,,
3181,0.1,3.65,,,,
3181,0.1,3.65,,,,
3183,0,3.65,,,,
3185,0,3.65,,,,
3187,0,3.65,,,,
3189,0,3.65,,,,
3191,0,3.65,,,,
3193,0,3.65,,,,
3195,0,3.65,,,,
3197,0,3.65,,,,
3199,0,3.65,,,,
3201,0,3.65,,,,
3203,0,3.643,,,,
3205,0,3.641,,,,
3207,0,3.639,,,,
3209,0,3.639,,,,
3211,0,3.639,,,,
3213,0,3.639,,,,
3215,0,3.639,,,,
3217,0,3.639,,,,
3219,0,3.639,,,,
3221,0,3.639,,,,
3223,0,3.639,,,,
3225,0,3.639,,,,
3227,0,3.639,,,,
3229,0,3.639,,,,
3231,0,3.639,,,,
3233,0,3.638,,,,
3235,0,3.638,,,,
3237,0,3.638,,,,
3239,0,3.638,,,,
3241,0,3.638,,,,
3243,0,3.638,,,,
