-----------EB Tester Software-----------,,,,,,,
*Step,Mode,Capacity,Energy,,,,
*1-1,D-CC,2.993,9.66,,,,
*1-2,D-CC,3.998,12.99,,,,
*1-3,D-CC,2.996,9.501,,,,
*1-4,Wait,0,0,,,,
*1-5,C-CV,0.492,1.609,,,,
*1-6,C-CV,0.288,0.945,,totalCap discharge:,,15.883
*1-7,D-CC,3.397,10.79,,,,
*1-8,D-CC,3.279,10.21,,,,
Title:EB Tester Software,,,,,,,
------------www.zketech.com--------------,,,,,,,
Time(S),Cur(A),Vol(V),,,,,
0,0,3.295,,,,,
0,0,3.295,,,,,
1,15,3.259,,,,,
3,15,3.256,,,,,
5,15,3.254,,,,,
7,15,3.252,,,,,
9,15,3.249,,,,,
11,15,3.248,,,,,
13,15,3.247,,,,,
15,15,3.245,,,,,
17,15,3.245,,,,,
19,15,3.244,,,,,
21,15,3.243,,,,,
23,15,3.242,,,,,
25,15,3.241,,,,,
27,15,3.241,,,,,
29,15,3.24,,,,,
31,15,3.24,,,,,
33,15,3.239,,,,,
35,15,3.238,,,,,
37,15,3.238,,,,,
39,15,3.237,,,,,
41,15,3.237,,,,,
43,15,3.236,,,,,
45,15,3.235,,,,,
47,15,3.235,,,,,
49,15,3.235,,,,,
51,15,3.235,,,,,
53,15,3.235,,,,,
55,15,3.235,,,,,
57,15,3.234,,,,,
59,15,3.234,,,,,
61,15,3.234,,,,,
63,15,3.234,,,,,
65,15,3.234,,,,,
67,15,3.233,,,,,
69,15,3.233,,,,,
71,15,3.233,,,,,
73,15,3.233,,,,,
75,15,3.233,,,,,
77,15,3.232,,,,,
79,15,3.232,,,,,
81,15,3.232,,,,,
83,15,3.232,,,,,
85,15,3.232,,,,,
87,15,3.232,,,,,
89,15,3.231,,,,,
91,15,3.231,,,,,
93,15,3.231,,,,,
95,15,3.231,,,,,
97,15,3.231,,,,,
99,15,3.231,,,,,
101,15,3.231,,,,,
103,15,3.231,,,,,
105,15,3.231,,,,,
107,15,3.231,,,,,
109,15,3.231,,,,,
111,15,3.231,,,,,
113,15,3.23,,,,,
115,15,3.23,,,,,
117,15,3.23,,,,,
119,15,3.23,,,,,
121,15,3.23,,,,,
123,15,3.23,,,,,
125,15,3.23,,,,,
127,15,3.23,,,,,
129,15,3.23,,,,,
131,15,3.23,,,,,
133,15,3.23,,,,,
135,15,3.23,,,,,
137,15,3.23,,,,,
139,15,3.23,,,,,
141,15,3.23,,,,,
143,15,3.23,,,,,
145,15,3.23,,,,,
147,15,3.229,,,,,
149,15,3.229,,,,,
151,15,3.229,,,,,
153,15,3.229,,,,,
155,15,3.229,,,,,
157,15,3.229,,,,,
159,15,3.229,,,,,
161,15,3.229,,,,,
163,15,3.229,,,,,
165,15,3.229,,,,,
167,15,3.228,,,,,
169,15,3.228,,,,,
171,15,3.228,,,,,
173,15,3.228,,,,,
175,15,3.228,,,,,
179,15,3.228,,,,,
181,15,3.228,,,,,
183,15,3.228,,,,,
185,15,3.228,,,,,
187,15,3.228,,,,,
189,15,3.228,,,,,
191,15,3.228,,,,,
193,15,3.228,,,,,
195,15,3.228,,,,,
197,15,3.228,,,,,
199,15,3.228,,,,,
201,15,3.228,,,,,
203,15,3.228,,,,,
205,15,3.228,,,,,
207,15,3.228,,,,,
209,15,3.228,,,,,
211,15,3.228,,,,,
213,15,3.227,,,,,
215,15,3.227,,,,,
217,15,3.228,,,,,
219,15,3.227,,,,,
221,15,3.227,,,,,
223,15,3.227,,,,,
225,15,3.227,,,,,
227,15,3.227,,,,,
229,15,3.227,,,,,
231,15,3.227,,,,,
233,15,3.227,,,,,
235,15,3.227,,,,,
237,15,3.227,,,,,
239,15,3.227,,,,,
241,15,3.227,,,,,
243,15,3.227,,,,,
245,15,3.227,,,,,
247,15,3.227,,,,,
249,15,3.227,,,,,
251,15,3.227,,,,,
253,15,3.227,,,,,
255,15,3.227,,,,,
257,15,3.227,,,,,
259,15,3.227,,,,,
261,15,3.227,,,,,
263,15,3.227,,,,,
265,15,3.227,,,,,
267,15,3.227,,,,,
269,15,3.227,,,,,
271,15,3.227,,,,,
273,15,3.227,,,,,
275,15,3.227,,,,,
277,15,3.227,,,,,
279,15,3.226,,,,,
281,15,3.226,,,,,
283,15,3.226,,,,,
285,15,3.226,,,,,
287,15,3.226,,,,,
289,15,3.226,,,,,
291,15,3.226,,,,,
293,15,3.226,,,,,
295,15,3.226,,,,,
297,15,3.226,,,,,
299,15,3.226,,,,,
301,15,3.226,,,,,
303,15,3.226,,,,,
305,15,3.226,,,,,
307,15,3.226,,,,,
309,15,3.226,,,,,
311,15,3.226,,,,,
313,15,3.226,,,,,
315,15,3.226,,,,,
317,15,3.226,,,,,
319,15,3.226,,,,,
321,15,3.226,,,,,
323,15,3.226,,,,,
325,15,3.226,,,,,
327,15,3.226,,,,,
329,15,3.226,,,,,
331,15,3.226,,,,,
333,15,3.226,,,,,
335,15,3.226,,,,,
337,15,3.226,,,,,
339,15,3.226,,,,,
341,15,3.226,,,,,
343,15,3.226,,,,,
345,15,3.226,,,,,
347,15,3.226,,,,,
349,15,3.226,,,,,
351,15,3.226,,,,,
353,15,3.226,,,,,
355,15,3.226,,,,,
357,15,3.225,,,,,
359,15,3.225,,,,,
361,15,3.225,,,,,
363,15,3.225,,,,,
365,15,3.226,,,,,
367,15,3.225,,,,,
369,15,3.226,,,,,
371,15,3.225,,,,,
375,15,3.226,,,,,
377,15,3.225,,,,,
379,15,3.226,,,,,
381,15,3.226,,,,,
383,15,3.225,,,,,
385,15,3.225,,,,,
387,15,3.225,,,,,
389,15,3.225,,,,,
391,15,3.225,,,,,
393,15,3.225,,,,,
395,15,3.225,,,,,
397,15,3.225,,,,,
399,15,3.225,,,,,
401,15,3.225,,,,,
403,15,3.225,,,,,
405,15,3.225,,,,,
407,15,3.225,,,,,
409,15,3.225,,,,,
411,15,3.225,,,,,
413,15,3.225,,,,,
415,15,3.225,,,,,
417,15,3.225,,,,,
419,15,3.225,,,,,
421,15,3.225,,,,,
423,15,3.225,,,,,
425,15,3.225,,,,,
427,15,3.225,,,,,
429,15,3.225,,,,,
431,15,3.225,,,,,
433,15,3.225,,,,,
435,15,3.225,,,,,
437,15,3.225,,,,,
439,15,3.225,,,,,
441,15,3.225,,,,,
443,15,3.225,,,,,
445,15,3.225,,,,,
447,15,3.225,,,,,
449,15,3.225,,,,,
451,15,3.225,,,,,
453,15,3.225,,,,,
455,15,3.225,,,,,
457,15,3.225,,,,,
459,15,3.225,,,,,
461,15,3.225,,,,,
463,15,3.225,,,,,
467,15,3.225,,,,,
469,15,3.225,,,,,
471,15,3.225,,,,,
473,15,3.225,,,,,
475,15,3.225,,,,,
477,15,3.225,,,,,
479,15,3.225,,,,,
481,15,3.225,,,,,
483,15,3.225,,,,,
485,15,3.225,,,,,
487,15,3.225,,,,,
489,15,3.225,,,,,
491,15,3.225,,,,,
493,15,3.225,,,,,
495,15,3.225,,,,,
497,15,3.224,,,,,
499,15,3.224,,,,,
501,15,3.224,,,,,
503,15,3.224,,,,,
505,15,3.224,,,,,
507,15,3.224,,,,,
509,15,3.224,,,,,
511,15,3.224,,,,,
513,15,3.224,,,,,
515,15,3.224,,,,,
517,15,3.224,,,,,
519,15,3.224,,,,,
521,15,3.224,,,,,
523,15,3.224,,,,,
525,15,3.224,,,,,
527,15,3.224,,,,,
529,15,3.224,,,,,
531,15,3.224,,,,,
533,15,3.224,,,,,
535,15,3.224,,,,,
537,15,3.224,,,,,
539,15,3.224,,,,,
541,15,3.224,,,,,
543,15,3.224,,,,,
545,15,3.224,,,,,
547,15,3.224,,,,,
549,15,3.224,,,,,
551,15,3.224,,,,,
553,15,3.224,,,,,
555,15,3.224,,,,,
557,15,3.224,,,,,
559,15,3.224,,,,,
561,15,3.224,,,,,
563,15,3.223,,,,,
565,15,3.223,,,,,
567,15,3.224,,,,,
569,15,3.223,,,,,
571,15,3.223,,,,,
573,15,3.223,,,,,
575,15,3.223,,,,,
577,15,3.223,,,,,
579,15,3.223,,,,,
581,15,3.223,,,,,
583,15,3.223,,,,,
585,15,3.223,,,,,
587,15,3.223,,,,,
589,15,3.223,,,,,
591,15,3.223,,,,,
593,15,3.223,,,,,
595,15,3.223,,,,,
597,15,3.223,,,,,
599,15,3.223,,,,,
601,15,3.223,,,,,
603,15,3.223,,,,,
605,15,3.223,,,,,
607,15,3.223,,,,,
609,15,3.223,,,,,
611,15,3.223,,,,,
613,15,3.223,,,,,
615,15,3.222,,,,,
617,15,3.222,,,,,
619,15,3.223,,,,,
621,15,3.222,,,,,
623,15,3.222,,,,,
625,15,3.222,,,,,
627,15,3.222,,,,,
629,15,3.222,,,,,
631,15,3.222,,,,,
633,15,3.222,,,,,
635,15,3.222,,,,,
637,15,3.222,,,,,
639,15,3.222,,,,,
641,15,3.222,,,,,
643,15,3.222,,,,,
645,15,3.222,,,,,
647,15,3.222,,,,,
649,15,3.222,,,,,
651,15,3.222,,,,,
653,15,3.222,,,,,
655,15,3.222,,,,,
657,15,3.222,,,,,
659,15,3.221,,,,,
661,15,3.221,,,,,
663,15,3.221,,,,,
665,15,3.221,,,,,
667,15,3.221,,,,,
669,15,3.221,,,,,
671,15,3.221,,,,,
673,15,3.221,,,,,
675,15,3.221,,,,,
677,15,3.221,,,,,
679,15,3.221,,,,,
681,15,3.221,,,,,
683,15,3.221,,,,,
685,15,3.221,,,,,
687,15,3.221,,,,,
689,15,3.221,,,,,
691,15,3.221,,,,,
693,15,3.221,,,,,
695,15,3.221,,,,,
697,15,3.221,,,,,
699,15,3.221,,,,,
701,15,3.221,,,,,
703,15,3.221,,,,,
705,15,3.221,,,,,
707,15,3.221,,,,,
709,15,3.221,,,,,
711,15,3.221,,,,,
713,15,3.22,,,,,
715,15,3.22,,,,,
717,15,3.22,,,,,
718,15,3.22,,,,,
718,15,3.22,,,,,
720,0,3.256,,,,,
721,6,3.245,,,,,
723,6,3.245,,,,,
725,6,3.245,,,,,
727,6,3.245,,,,,
729,6,3.245,,,,,
731,6,3.246,,,,,
733,6,3.248,,,,,
735,6,3.251,,,,,
737,6,3.252,,,,,
739,6,3.252,,,,,
741,6,3.252,,,,,
743,6,3.253,,,,,
745,6,3.253,,,,,
747,6,3.253,,,,,
749,6,3.253,,,,,
751,6,3.253,,,,,
753,6,3.253,,,,,
755,6,3.253,,,,,
757,6,3.253,,,,,
759,6,3.253,,,,,
761,6,3.253,,,,,
763,6,3.253,,,,,
765,6,3.253,,,,,
767,6,3.253,,,,,
769,6,3.254,,,,,
771,6,3.254,,,,,
773,6,3.254,,,,,
775,6,3.255,,,,,
777,6,3.255,,,,,
779,6,3.256,,,,,
781,6,3.256,,,,,
783,6,3.256,,,,,
785,6,3.256,,,,,
787,6,3.256,,,,,
789,6,3.257,,,,,
791,6,3.257,,,,,
793,6,3.257,,,,,
795,6,3.258,,,,,
797,6,3.258,,,,,
799,6,3.258,,,,,
801,6,3.258,,,,,
803,6,3.258,,,,,
805,6,3.258,,,,,
807,6,3.259,,,,,
809,6,3.259,,,,,
811,6,3.259,,,,,
813,6,3.259,,,,,
815,6,3.259,,,,,
817,6,3.259,,,,,
819,6,3.259,,,,,
821,6,3.259,,,,,
823,6,3.259,,,,,
825,6,3.259,,,,,
827,6,3.259,,,,,
829,6,3.259,,,,,
831,6,3.259,,,,,
833,6,3.259,,,,,
835,6,3.259,,,,,
837,6,3.259,,,,,
839,6,3.259,,,,,
841,6,3.259,,,,,
843,6,3.259,,,,,
845,6,3.259,,,,,
847,6,3.259,,,,,
849,6,3.259,,,,,
851,6,3.259,,,,,
853,6,3.259,,,,,
855,6,3.259,,,,,
857,6,3.259,,,,,
859,6,3.259,,,,,
861,6,3.259,,,,,
863,6,3.259,,,,,
865,6,3.259,,,,,
867,6,3.259,,,,,
869,6,3.259,,,,,
871,6,3.259,,,,,
873,6,3.259,,,,,
875,6,3.259,,,,,
877,6,3.259,,,,,
879,6,3.259,,,,,
881,6,3.259,,,,,
883,6,3.259,,,,,
885,6,3.259,,,,,
887,6,3.259,,,,,
889,6,3.259,,,,,
891,6,3.259,,,,,
893,6,3.259,,,,,
895,6,3.259,,,,,
897,6,3.259,,,,,
899,6,3.259,,,,,
901,6,3.259,,,,,
903,6,3.259,,,,,
905,6,3.259,,,,,
907,6,3.259,,,,,
909,6,3.259,,,,,
911,6,3.259,,,,,
913,6,3.259,,,,,
915,6,3.259,,,,,
917,6,3.259,,,,,
919,6,3.259,,,,,
921,6,3.259,,,,,
923,6,3.259,,,,,
925,6,3.259,,,,,
927,6,3.259,,,,,
929,6,3.259,,,,,
931,6,3.259,,,,,
933,6,3.259,,,,,
935,6,3.259,,,,,
937,6,3.259,,,,,
939,6,3.259,,,,,
941,6,3.259,,,,,
943,6,3.259,,,,,
945,6,3.259,,,,,
947,6,3.259,,,,,
949,6,3.259,,,,,
951,6,3.259,,,,,
953,6,3.259,,,,,
955,6,3.259,,,,,
957,6,3.259,,,,,
959,6,3.259,,,,,
961,6,3.259,,,,,
963,6,3.259,,,,,
965,6,3.259,,,,,
967,6,3.259,,,,,
969,6,3.259,,,,,
971,6,3.259,,,,,
975,6,3.259,,,,,
977,6,3.259,,,,,
979,6,3.259,,,,,
981,6,3.259,,,,,
983,6,3.259,,,,,
985,6,3.259,,,,,
987,6,3.259,,,,,
989,6,3.259,,,,,
991,6,3.259,,,,,
993,6,3.259,,,,,
995,6,3.259,,,,,
997,6,3.259,,,,,
999,6,3.259,,,,,
1001,6,3.259,,,,,
1003,6,3.259,,,,,
1005,6,3.259,,,,,
1007,6,3.259,,,,,
1009,6,3.259,,,,,
1011,6,3.259,,,,,
1013,6,3.259,,,,,
1015,6,3.259,,,,,
1017,6,3.259,,,,,
1019,6,3.259,,,,,
1021,6,3.259,,,,,
1023,6,3.259,,,,,
1025,6,3.259,,,,,
1027,6,3.259,,,,,
1029,6,3.259,,,,,
1031,6,3.259,,,,,
1033,6,3.259,,,,,
1035,6,3.259,,,,,
1037,6,3.259,,,,,
1039,6,3.259,,,,,
1041,6,3.259,,,,,
1043,6,3.259,,,,,
1045,6,3.259,,,,,
1047,6,3.259,,,,,
1049,6,3.259,,,,,
1051,6,3.259,,,,,
1053,6,3.259,,,,,
1055,6,3.259,,,,,
1057,6,3.259,,,,,
1059,6,3.259,,,,,
1061,6,3.259,,,,,
1063,6,3.259,,,,,
1065,6,3.259,,,,,
1067,6,3.259,,,,,
1069,6,3.259,,,,,
1071,6,3.259,,,,,
1073,6,3.259,,,,,
1075,6,3.259,,,,,
1077,6,3.259,,,,,
1079,6,3.259,,,,,
1081,6,3.259,,,,,
1083,6,3.259,,,,,
1085,6,3.259,,,,,
1087,6,3.259,,,,,
1089,6,3.259,,,,,
1091,6,3.259,,,,,
1093,6,3.259,,,,,
1095,6,3.259,,,,,
1097,6,3.259,,,,,
1099,6,3.259,,,,,
1101,6,3.259,,,,,
1103,6,3.258,,,,,
1105,6,3.258,,,,,
1107,6,3.258,,,,,
1109,6,3.258,,,,,
1111,6,3.258,,,,,
1113,6,3.258,,,,,
1115,6,3.258,,,,,
1119,6,3.258,,,,,
1121,6,3.258,,,,,
1123,6,3.258,,,,,
1125,6,3.258,,,,,
1127,6,3.258,,,,,
1129,6,3.258,,,,,
1131,6,3.258,,,,,
1133,6,3.258,,,,,
1135,6,3.258,,,,,
1137,6,3.258,,,,,
1139,6,3.258,,,,,
1141,6,3.258,,,,,
1143,6,3.258,,,,,
1145,6,3.257,,,,,
1147,6,3.257,,,,,
1149,6,3.257,,,,,
1151,6,3.258,,,,,
1153,6,3.257,,,,,
1155,6,3.257,,,,,
1157,6,3.257,,,,,
1159,6,3.257,,,,,
1161,6,3.257,,,,,
1163,6,3.257,,,,,
1165,6,3.257,,,,,
1167,6,3.257,,,,,
1169,6,3.257,,,,,
1171,6,3.257,,,,,
1173,6,3.257,,,,,
1175,6,3.257,,,,,
1177,6,3.257,,,,,
1179,6,3.257,,,,,
1181,6,3.257,,,,,
1183,6,3.256,,,,,
1185,6,3.256,,,,,
1187,6,3.256,,,,,
1189,6,3.256,,,,,
1191,6,3.256,,,,,
1193,6,3.256,,,,,
1195,6,3.256,,,,,
1197,6,3.256,,,,,
1199,6,3.256,,,,,
1201,6,3.256,,,,,
1203,6,3.256,,,,,
1205,6,3.256,,,,,
1207,6,3.256,,,,,
1209,6,3.256,,,,,
1211,6,3.256,,,,,
1213,6,3.256,,,,,
1215,6,3.256,,,,,
1217,6,3.256,,,,,
1219,6,3.256,,,,,
1221,6,3.256,,,,,
1223,6,3.256,,,,,
1225,6,3.256,,,,,
1227,6,3.256,,,,,
1229,6,3.256,,,,,
1231,6,3.256,,,,,
1233,6,3.256,,,,,
1235,6,3.256,,,,,
1237,6,3.256,,,,,
1239,6,3.256,,,,,
1241,6,3.256,,,,,
1243,6,3.256,,,,,
1245,6,3.256,,,,,
1247,6,3.256,,,,,
1249,6,3.256,,,,,
1251,6,3.256,,,,,
1253,6,3.255,,,,,
1255,6,3.256,,,,,
1257,6,3.256,,,,,
1259,6,3.256,,,,,
1261,6,3.256,,,,,
1263,6,3.255,,,,,
1265,6,3.256,,,,,
1267,6,3.255,,,,,
1269,6,3.255,,,,,
1271,6,3.256,,,,,
1273,6,3.255,,,,,
1275,6,3.255,,,,,
1277,6,3.255,,,,,
1279,6,3.255,,,,,
1281,6,3.255,,,,,
1283,6,3.255,,,,,
1285,6,3.255,,,,,
1287,6,3.255,,,,,
1289,6,3.255,,,,,
1291,6,3.255,,,,,
1293,6,3.255,,,,,
1295,6,3.255,,,,,
1297,6,3.255,,,,,
1299,6,3.255,,,,,
1301,6,3.255,,,,,
1303,6,3.255,,,,,
1305,6,3.255,,,,,
1307,6,3.255,,,,,
1309,6,3.254,,,,,
1311,6,3.254,,,,,
1313,6,3.254,,,,,
1315,6,3.254,,,,,
1317,6,3.255,,,,,
1319,6,3.254,,,,,
1321,6,3.254,,,,,
1323,6,3.254,,,,,
1325,6,3.254,,,,,
1327,6,3.254,,,,,
1329,6,3.254,,,,,
1331,6,3.254,,,,,
1333,6,3.254,,,,,
1335,6,3.254,,,,,
1337,6,3.254,,,,,
1339,6,3.254,,,,,
1341,6,3.254,,,,,
1343,6,3.254,,,,,
1345,6,3.254,,,,,
1347,6,3.254,,,,,
1349,6,3.254,,,,,
1351,6,3.254,,,,,
1353,6,3.254,,,,,
1355,6,3.254,,,,,
1357,6,3.254,,,,,
1359,6,3.254,,,,,
1361,6,3.254,,,,,
1363,6,3.254,,,,,
1365,6,3.254,,,,,
1367,6,3.254,,,,,
1369,6,3.253,,,,,
1371,6,3.253,,,,,
1373,6,3.254,,,,,
1375,6,3.253,,,,,
1377,6,3.253,,,,,
1379,6,3.253,,,,,
1381,6,3.253,,,,,
1383,6,3.253,,,,,
1385,6,3.253,,,,,
1387,6,3.253,,,,,
1389,6,3.253,,,,,
1391,6,3.253,,,,,
1393,6,3.253,,,,,
1395,6,3.253,,,,,
1397,6,3.253,,,,,
1399,6,3.253,,,,,
1401,6,3.253,,,,,
1403,6,3.253,,,,,
1405,6,3.253,,,,,
1407,6,3.253,,,,,
1411,6,3.253,,,,,
1413,6,3.253,,,,,
1415,6,3.253,,,,,
1417,6,3.253,,,,,
1419,6,3.253,,,,,
1421,6,3.253,,,,,
1423,6,3.253,,,,,
1425,6,3.253,,,,,
1427,6,3.253,,,,,
1429,6,3.253,,,,,
1431,6,3.253,,,,,
1433,6,3.253,,,,,
1435,6,3.253,,,,,
1437,6,3.253,,,,,
1439,6,3.253,,,,,
1441,6,3.253,,,,,
1443,6,3.253,,,,,
1445,6,3.253,,,,,
1447,6,3.253,,,,,
1449,6,3.253,,,,,
1451,6,3.253,,,,,
1453,6,3.253,,,,,
1455,6,3.253,,,,,
1457,6,3.253,,,,,
1459,6,3.253,,,,,
1461,6,3.253,,,,,
1463,6,3.253,,,,,
1465,6,3.253,,,,,
1467,6,3.253,,,,,
1469,6,3.253,,,,,
1471,6,3.253,,,,,
1473,6,3.253,,,,,
1475,6,3.253,,,,,
1477,6,3.253,,,,,
1479,6,3.253,,,,,
1481,6,3.253,,,,,
1483,6,3.253,,,,,
1485,6,3.253,,,,,
1487,6,3.253,,,,,
1489,6,3.253,,,,,
1491,6,3.253,,,,,
1493,6,3.253,,,,,
1495,6,3.253,,,,,
1497,6,3.253,,,,,
1499,6,3.253,,,,,
1501,6,3.253,,,,,
1503,6,3.253,,,,,
1505,6,3.253,,,,,
1507,6,3.253,,,,,
1509,6,3.253,,,,,
1511,6,3.253,,,,,
1513,6,3.253,,,,,
1515,6,3.253,,,,,
1517,6,3.253,,,,,
1519,6,3.253,,,,,
1521,6,3.253,,,,,
1523,6,3.253,,,,,
1525,6,3.253,,,,,
1527,6,3.253,,,,,
1529,6,3.253,,,,,
1531,6,3.253,,,,,
1533,6,3.253,,,,,
1535,6,3.253,,,,,
1537,6,3.253,,,,,
1539,6,3.253,,,,,
1541,6,3.253,,,,,
1543,6,3.253,,,,,
1545,6,3.253,,,,,
1547,6,3.253,,,,,
1549,6,3.253,,,,,
1551,6,3.253,,,,,
1553,6,3.253,,,,,
1557,6,3.253,,,,,
1559,6,3.253,,,,,
1561,6,3.253,,,,,
1563,6,3.253,,,,,
1565,6,3.253,,,,,
1567,6,3.253,,,,,
1569,6,3.253,,,,,
1571,6,3.253,,,,,
1573,6,3.253,,,,,
1575,6,3.253,,,,,
1577,6,3.253,,,,,
1579,6,3.253,,,,,
1581,6,3.253,,,,,
1583,6,3.253,,,,,
1585,6,3.253,,,,,
1587,6,3.253,,,,,
1589,6,3.253,,,,,
1591,6,3.253,,,,,
1593,6,3.253,,,,,
1595,6,3.253,,,,,
1597,6,3.253,,,,,
1599,6,3.253,,,,,
1601,6,3.253,,,,,
1603,6,3.253,,,,,
1605,6,3.253,,,,,
1607,6,3.253,,,,,
1609,6,3.253,,,,,
1611,6,3.253,,,,,
1613,6,3.253,,,,,
1615,6,3.253,,,,,
1617,6,3.253,,,,,
1619,6,3.253,,,,,
1621,6,3.253,,,,,
1623,6,3.253,,,,,
1625,6,3.253,,,,,
1627,6,3.253,,,,,
1629,6,3.253,,,,,
1631,6,3.253,,,,,
1633,6,3.253,,,,,
1635,6,3.253,,,,,
1637,6,3.253,,,,,
1639,6,3.253,,,,,
1641,6,3.253,,,,,
1643,6,3.253,,,,,
1645,6,3.253,,,,,
1647,6,3.253,,,,,
1649,6,3.253,,,,,
1651,6,3.253,,,,,
1653,6,3.253,,,,,
1655,6,3.253,,,,,
1657,6,3.253,,,,,
1659,6,3.253,,,,,
1661,6,3.253,,,,,
1663,6,3.253,,,,,
1665,6,3.253,,,,,
1667,6,3.253,,,,,
1669,6,3.253,,,,,
1671,6,3.253,,,,,
1673,6,3.253,,,,,
1675,6,3.253,,,,,
1677,6,3.253,,,,,
1679,6,3.253,,,,,
1681,6,3.253,,,,,
1683,6,3.253,,,,,
1685,6,3.253,,,,,
1687,6,3.253,,,,,
1689,6,3.253,,,,,
1691,6,3.253,,,,,
1693,6,3.253,,,,,
1695,6,3.253,,,,,
1699,6,3.253,,,,,
1701,6,3.253,,,,,
1703,6,3.253,,,,,
1705,6,3.253,,,,,
1707,6,3.253,,,,,
1709,6,3.253,,,,,
1711,6,3.253,,,,,
1713,6,3.253,,,,,
1715,6,3.253,,,,,
1717,6,3.253,,,,,
1719,6,3.253,,,,,
1721,6,3.253,,,,,
1723,6,3.253,,,,,
1725,6,3.253,,,,,
1727,6,3.253,,,,,
1729,6,3.253,,,,,
1731,6,3.253,,,,,
1733,6,3.253,,,,,
1735,6,3.253,,,,,
1737,6,3.253,,,,,
1739,6,3.253,,,,,
1741,6,3.253,,,,,
1743,6,3.253,,,,,
1745,6,3.253,,,,,
1747,6,3.252,,,,,
1749,6,3.253,,,,,
1751,6,3.253,,,,,
1753,6,3.253,,,,,
1755,6,3.253,,,,,
1757,6,3.253,,,,,
1759,6,3.252,,,,,
1761,6,3.252,,,,,
1763,6,3.252,,,,,
1765,6,3.253,,,,,
1767,6,3.253,,,,,
1769,6,3.253,,,,,
1771,6,3.252,,,,,
1773,6,3.252,,,,,
1775,6,3.252,,,,,
1777,6,3.252,,,,,
1779,6,3.252,,,,,
1781,6,3.253,,,,,
1783,6,3.253,,,,,
1785,6,3.252,,,,,
1787,6,3.252,,,,,
1789,6,3.253,,,,,
1791,6,3.252,,,,,
1793,6,3.252,,,,,
1795,6,3.252,,,,,
1797,6,3.252,,,,,
1799,6,3.252,,,,,
1801,6,3.252,,,,,
1803,6,3.252,,,,,
1805,6,3.252,,,,,
1807,6,3.252,,,,,
1809,6,3.253,,,,,
1811,6,3.252,,,,,
1813,6,3.252,,,,,
1815,6,3.252,,,,,
1817,6,3.252,,,,,
1819,6,3.252,,,,,
1821,6,3.252,,,,,
1823,6,3.252,,,,,
1825,6,3.252,,,,,
1827,6,3.252,,,,,
1829,6,3.252,,,,,
1831,6,3.252,,,,,
1833,6,3.252,,,,,
1835,6,3.252,,,,,
1837,6,3.252,,,,,
1839,6,3.252,,,,,
1843,6,3.252,,,,,
1845,6,3.252,,,,,
1847,6,3.252,,,,,
1849,6,3.252,,,,,
1851,6,3.252,,,,,
1853,6,3.252,,,,,
1855,6,3.252,,,,,
1857,6,3.252,,,,,
1859,6,3.252,,,,,
1861,6,3.252,,,,,
1863,6,3.252,,,,,
1865,6,3.252,,,,,
1867,6,3.252,,,,,
1869,6,3.252,,,,,
1871,6,3.252,,,,,
1873,6,3.252,,,,,
1875,6,3.252,,,,,
1877,6,3.252,,,,,
1879,6,3.252,,,,,
1881,6,3.252,,,,,
1883,6,3.252,,,,,
1885,6,3.252,,,,,
1887,6,3.252,,,,,
1889,6,3.252,,,,,
1891,6,3.252,,,,,
1893,6,3.252,,,,,
1895,6,3.252,,,,,
1897,6,3.252,,,,,
1899,6,3.252,,,,,
1901,6,3.252,,,,,
1903,6,3.252,,,,,
1905,6,3.252,,,,,
1907,6,3.252,,,,,
1909,6,3.252,,,,,
1911,6,3.252,,,,,
1913,6,3.252,,,,,
1915,6,3.252,,,,,
1917,6,3.252,,,,,
1919,6,3.252,,,,,
1921,6,3.252,,,,,
1923,6,3.252,,,,,
1925,6,3.252,,,,,
1927,6,3.252,,,,,
1929,6,3.252,,,,,
1931,6,3.252,,,,,
1933,6,3.252,,,,,
1935,6,3.252,,,,,
1937,6,3.252,,,,,
1939,6,3.252,,,,,
1941,6,3.252,,,,,
1943,6,3.252,,,,,
1945,6,3.252,,,,,
1947,6,3.252,,,,,
1949,6,3.252,,,,,
1951,6,3.252,,,,,
1953,6,3.252,,,,,
1955,6,3.252,,,,,
1957,6,3.252,,,,,
1959,6,3.252,,,,,
1961,6,3.252,,,,,
1963,6,3.252,,,,,
1965,6,3.252,,,,,
1967,6,3.251,,,,,
1969,6,3.251,,,,,
1971,6,3.251,,,,,
1973,6,3.251,,,,,
1975,6,3.251,,,,,
1977,6,3.251,,,,,
1979,6,3.251,,,,,
1981,6,3.251,,,,,
1983,6,3.251,,,,,
1985,6,3.251,,,,,
1987,6,3.251,,,,,
1989,6,3.251,,,,,
1991,6,3.251,,,,,
1993,6,3.251,,,,,
1995,6,3.251,,,,,
1997,6,3.25,,,,,
1999,6,3.25,,,,,
2001,6,3.25,,,,,
2003,6,3.25,,,,,
2005,6,3.25,,,,,
2007,6,3.25,,,,,
2009,6,3.25,,,,,
2011,6,3.25,,,,,
2013,6,3.25,,,,,
2015,6,3.25,,,,,
2017,6,3.25,,,,,
2019,6,3.25,,,,,
2021,6,3.25,,,,,
2023,6,3.25,,,,,
2025,6,3.25,,,,,
2027,6,3.249,,,,,
2029,6,3.249,,,,,
2031,6,3.25,,,,,
2033,6,3.249,,,,,
2035,6,3.249,,,,,
2037,6,3.249,,,,,
2039,6,3.249,,,,,
2041,6,3.249,,,,,
2043,6,3.249,,,,,
2045,6,3.249,,,,,
2047,6,3.249,,,,,
2049,6,3.249,,,,,
2051,6,3.249,,,,,
2053,6,3.249,,,,,
2055,6,3.249,,,,,
2057,6,3.249,,,,,
2059,6,3.249,,,,,
2061,6,3.248,,,,,
2063,6,3.248,,,,,
2065,6,3.248,,,,,
2067,6,3.248,,,,,
2069,6,3.248,,,,,
2071,6,3.248,,,,,
2073,6,3.248,,,,,
2075,6,3.248,,,,,
2077,6,3.248,,,,,
2079,6,3.248,,,,,
2081,6,3.248,,,,,
2083,6,3.248,,,,,
2085,6,3.248,,,,,
2087,6,3.248,,,,,
2089,6,3.248,,,,,
2091,6,3.247,,,,,
2093,6,3.247,,,,,
2095,6,3.247,,,,,
2097,6,3.247,,,,,
2099,6,3.247,,,,,
2101,6,3.247,,,,,
2103,6,3.247,,,,,
2105,6,3.247,,,,,
2107,6,3.247,,,,,
2109,6,3.247,,,,,
2111,6,3.247,,,,,
2113,6,3.247,,,,,
2115,6,3.247,,,,,
2117,6,3.247,,,,,
2119,6,3.247,,,,,
2121,6,3.247,,,,,
2123,6,3.247,,,,,
2125,6,3.247,,,,,
2127,6,3.247,,,,,
2129,6,3.247,,,,,
2131,6,3.246,,,,,
2133,6,3.246,,,,,
2135,6,3.246,,,,,
2137,6,3.246,,,,,
2139,6,3.246,,,,,
2141,6,3.246,,,,,
2143,6,3.246,,,,,
2145,6,3.246,,,,,
2147,6,3.246,,,,,
2149,6,3.246,,,,,
2151,6,3.246,,,,,
2153,6,3.246,,,,,
2155,6,3.246,,,,,
2157,6,3.246,,,,,
2159,6,3.246,,,,,
2161,6,3.246,,,,,
2163,6,3.246,,,,,
2165,6,3.246,,,,,
2167,6,3.246,,,,,
2169,6,3.246,,,,,
2171,6,3.246,,,,,
2173,6,3.246,,,,,
2175,6,3.245,,,,,
2177,6,3.245,,,,,
2179,6,3.245,,,,,
2181,6,3.245,,,,,
2183,6,3.245,,,,,
2185,6,3.245,,,,,
2187,6,3.245,,,,,
2189,6,3.245,,,,,
2191,6,3.245,,,,,
2193,6,3.245,,,,,
2195,6,3.245,,,,,
2197,6,3.245,,,,,
2199,6,3.245,,,,,
2201,6,3.245,,,,,
2203,6,3.245,,,,,
2207,6,3.245,,,,,
2209,6,3.245,,,,,
2211,6,3.245,,,,,
2213,6,3.245,,,,,
2215,6,3.245,,,,,
2217,6,3.245,,,,,
2219,6,3.245,,,,,
2221,6,3.245,,,,,
2223,6,3.245,,,,,
2225,6,3.245,,,,,
2227,6,3.245,,,,,
2229,6,3.245,,,,,
2231,6,3.245,,,,,
2233,6,3.245,,,,,
2235,6,3.245,,,,,
2237,6,3.245,,,,,
2239,6,3.245,,,,,
2241,6,3.245,,,,,
2243,6,3.245,,,,,
2245,6,3.245,,,,,
2247,6,3.245,,,,,
2249,6,3.245,,,,,
2251,6,3.245,,,,,
2253,6,3.245,,,,,
2255,6,3.245,,,,,
2257,6,3.245,,,,,
2259,6,3.245,,,,,
2261,6,3.245,,,,,
2263,6,3.245,,,,,
2265,6,3.245,,,,,
2267,6,3.245,,,,,
2269,6,3.245,,,,,
2271,6,3.245,,,,,
2273,6,3.245,,,,,
2275,6,3.245,,,,,
2277,6,3.245,,,,,
2279,6,3.245,,,,,
2281,6,3.245,,,,,
2283,6,3.245,,,,,
2285,6,3.245,,,,,
2287,6,3.245,,,,,
2289,6,3.245,,,,,
2291,6,3.245,,,,,
2293,6,3.245,,,,,
2295,6,3.245,,,,,
2297,6,3.245,,,,,
2299,6,3.245,,,,,
2301,6,3.245,,,,,
2303,6,3.245,,,,,
2305,6,3.245,,,,,
2307,6,3.245,,,,,
2309,6,3.245,,,,,
2311,6,3.245,,,,,
2313,6,3.245,,,,,
2315,6,3.245,,,,,
2317,6,3.245,,,,,
2319,6,3.245,,,,,
2321,6,3.245,,,,,
2323,6,3.245,,,,,
2325,6,3.245,,,,,
2327,6,3.245,,,,,
2329,6,3.245,,,,,
2331,6,3.245,,,,,
2333,6,3.245,,,,,
2335,6,3.245,,,,,
2337,6,3.245,,,,,
2339,6,3.245,,,,,
2341,6,3.245,,,,,
2343,6,3.245,,,,,
2345,6,3.245,,,,,
2347,6,3.245,,,,,
2349,6,3.245,,,,,
2351,6,3.245,,,,,
2353,6,3.245,,,,,
2355,6,3.245,,,,,
2357,6,3.245,,,,,
2359,6,3.245,,,,,
2361,6,3.245,,,,,
2363,6,3.245,,,,,
2365,6,3.245,,,,,
2367,6,3.245,,,,,
2369,6,3.245,,,,,
2371,6,3.245,,,,,
2373,6,3.245,,,,,
2375,6,3.245,,,,,
2377,6,3.245,,,,,
2379,6,3.245,,,,,
2381,6,3.245,,,,,
2383,6,3.245,,,,,
2385,6,3.245,,,,,
2387,6,3.245,,,,,
2389,6,3.245,,,,,
2391,6,3.245,,,,,
2393,6,3.245,,,,,
2395,6,3.245,,,,,
2397,6,3.245,,,,,
2399,6,3.245,,,,,
2401,6,3.245,,,,,
2403,6,3.245,,,,,
2405,6,3.245,,,,,
2407,6,3.245,,,,,
2409,6,3.245,,,,,
2411,6,3.245,,,,,
2413,6,3.245,,,,,
2415,6,3.245,,,,,
2417,6,3.245,,,,,
2419,6,3.245,,,,,
2421,6,3.245,,,,,
2423,6,3.245,,,,,
2425,6,3.245,,,,,
2427,6,3.245,,,,,
2429,6,3.245,,,,,
2431,6,3.245,,,,,
2433,6,3.245,,,,,
2435,6,3.245,,,,,
2437,6,3.245,,,,,
2439,6,3.245,,,,,
2441,6,3.245,,,,,
2443,6,3.245,,,,,
2445,6,3.245,,,,,
2447,6,3.245,,,,,
2449,6,3.245,,,,,
2451,6,3.245,,,,,
2453,6,3.245,,,,,
2455,6,3.245,,,,,
2457,6,3.245,,,,,
2459,6,3.245,,,,,
2461,6,3.245,,,,,
2463,6,3.245,,,,,
2465,6,3.245,,,,,
2467,6,3.245,,,,,
2469,6,3.245,,,,,
2471,6,3.245,,,,,
2473,6,3.245,,,,,
2475,6,3.245,,,,,
2477,6,3.245,,,,,
2479,6,3.245,,,,,
2481,6,3.245,,,,,
2483,6,3.245,,,,,
2485,6,3.245,,,,,
2487,6,3.245,,,,,
2489,6,3.245,,,,,
2491,6,3.245,,,,,
2493,6,3.245,,,,,
2497,6,3.245,,,,,
2499,6,3.245,,,,,
2501,6,3.245,,,,,
2503,6,3.245,,,,,
2505,6,3.245,,,,,
2507,6,3.245,,,,,
2509,6,3.245,,,,,
2511,6,3.245,,,,,
2513,6,3.245,,,,,
2515,6,3.245,,,,,
2517,6,3.245,,,,,
2519,6,3.245,,,,,
2521,6,3.245,,,,,
2523,6,3.245,,,,,
2525,6,3.245,,,,,
2527,6,3.245,,,,,
2529,6,3.245,,,,,
2531,6,3.245,,,,,
2533,6,3.245,,,,,
2535,6,3.245,,,,,
2537,6,3.245,,,,,
2539,6,3.245,,,,,
2541,6,3.245,,,,,
2543,6,3.245,,,,,
2545,6,3.245,,,,,
2547,6,3.245,,,,,
2549,6,3.245,,,,,
2551,6,3.245,,,,,
2553,6,3.245,,,,,
2555,6,3.245,,,,,
2557,6,3.245,,,,,
2559,6,3.245,,,,,
2561,6,3.245,,,,,
2563,6,3.245,,,,,
2565,6,3.245,,,,,
2567,6,3.245,,,,,
2569,6,3.245,,,,,
2571,6,3.245,,,,,
2573,6,3.245,,,,,
2575,6,3.245,,,,,
2577,6,3.245,,,,,
2579,6,3.245,,,,,
2581,6,3.245,,,,,
2583,6,3.245,,,,,
2585,6,3.245,,,,,
2587,6,3.245,,,,,
2589,6,3.245,,,,,
2591,6,3.245,,,,,
2593,6,3.245,,,,,
2595,6,3.245,,,,,
2597,6,3.245,,,,,
2599,6,3.245,,,,,
2601,6,3.245,,,,,
2603,6,3.245,,,,,
2605,6,3.245,,,,,
2607,6,3.245,,,,,
2609,6,3.245,,,,,
2611,6,3.245,,,,,
2613,6,3.245,,,,,
2615,6,3.245,,,,,
2617,6,3.245,,,,,
2619,6,3.245,,,,,
2621,6,3.245,,,,,
2623,6,3.245,,,,,
2625,6,3.245,,,,,
2627,6,3.245,,,,,
2629,6,3.245,,,,,
2631,6,3.245,,,,,
2633,6,3.245,,,,,
2635,6,3.245,,,,,
2637,6,3.245,,,,,
2639,6,3.245,,,,,
2641,6,3.245,,,,,
2643,6,3.245,,,,,
2645,6,3.245,,,,,
2647,6,3.245,,,,,
2649,6,3.245,,,,,
2651,6,3.245,,,,,
2653,6,3.245,,,,,
2655,6,3.245,,,,,
2657,6,3.245,,,,,
2659,6,3.245,,,,,
2661,6,3.245,,,,,
2663,6,3.245,,,,,
2665,6,3.245,,,,,
2667,6,3.245,,,,,
2669,6,3.245,,,,,
2671,6,3.245,,,,,
2673,6,3.245,,,,,
2675,6,3.245,,,,,
2677,6,3.245,,,,,
2679,6,3.245,,,,,
2681,6,3.245,,,,,
2683,6,3.244,,,,,
2685,6,3.244,,,,,
2687,6,3.244,,,,,
2689,6,3.244,,,,,
2691,6,3.244,,,,,
2693,6,3.244,,,,,
2695,6,3.244,,,,,
2697,6,3.244,,,,,
2699,6,3.244,,,,,
2701,6,3.244,,,,,
2703,6,3.244,,,,,
2705,6,3.244,,,,,
2707,6,3.244,,,,,
2709,6,3.243,,,,,
2711,6,3.244,,,,,
2713,6,3.243,,,,,
2715,6,3.243,,,,,
2717,6,3.243,,,,,
2719,6,3.243,,,,,
2721,6,3.243,,,,,
2723,6,3.243,,,,,
2725,6,3.243,,,,,
2727,6,3.243,,,,,
2729,6,3.243,,,,,
2731,6,3.243,,,,,
2733,6,3.243,,,,,
2735,6,3.242,,,,,
2737,6,3.242,,,,,
2739,6,3.242,,,,,
2741,6,3.242,,,,,
2743,6,3.242,,,,,
2745,6,3.242,,,,,
2747,6,3.242,,,,,
2749,6,3.242,,,,,
2751,6,3.242,,,,,
2753,6,3.242,,,,,
2755,6,3.242,,,,,
2757,6,3.242,,,,,
2759,6,3.241,,,,,
2761,6,3.241,,,,,
2763,6,3.241,,,,,
2765,6,3.241,,,,,
2767,6,3.241,,,,,
2769,6,3.241,,,,,
2771,6,3.241,,,,,
2773,6,3.241,,,,,
2775,6,3.241,,,,,
2777,6,3.241,,,,,
2779,6,3.241,,,,,
2783,6,3.24,,,,,
2785,6,3.24,,,,,
2787,6,3.24,,,,,
2789,6,3.24,,,,,
2791,6,3.24,,,,,
2793,6,3.24,,,,,
2795,6,3.24,,,,,
2797,6,3.24,,,,,
2799,6,3.24,,,,,
2801,6,3.24,,,,,
2803,6,3.24,,,,,
2805,6,3.24,,,,,
2807,6,3.24,,,,,
2809,6,3.24,,,,,
2811,6,3.24,,,,,
2813,6,3.24,,,,,
2815,6,3.24,,,,,
2817,6,3.239,,,,,
2819,6,3.239,,,,,
2821,6,3.239,,,,,
2823,6,3.239,,,,,
2825,6,3.239,,,,,
2827,6,3.239,,,,,
2829,6,3.239,,,,,
2831,6,3.239,,,,,
2833,6,3.239,,,,,
2835,6,3.239,,,,,
2837,6,3.239,,,,,
2839,6,3.239,,,,,
2841,6,3.239,,,,,
2843,6,3.239,,,,,
2845,6,3.239,,,,,
2847,6,3.239,,,,,
2849,6,3.239,,,,,
2851,6,3.239,,,,,
2853,6,3.239,,,,,
2855,6,3.238,,,,,
2857,6,3.238,,,,,
2859,6,3.238,,,,,
2861,6,3.238,,,,,
2863,6,3.238,,,,,
2865,6,3.238,,,,,
2867,6,3.238,,,,,
2869,6,3.238,,,,,
2871,6,3.238,,,,,
2873,6,3.238,,,,,
2875,6,3.238,,,,,
2877,6,3.238,,,,,
2879,6,3.238,,,,,
2881,6,3.238,,,,,
2883,6,3.238,,,,,
2885,6,3.238,,,,,
2887,6,3.238,,,,,
2889,6,3.238,,,,,
2891,6,3.238,,,,,
2893,6,3.238,,,,,
2895,6,3.238,,,,,
2897,6,3.238,,,,,
2899,6,3.238,,,,,
2901,6,3.238,,,,,
2903,6,3.238,,,,,
2905,6,3.238,,,,,
2907,6,3.238,,,,,
2909,6,3.238,,,,,
2911,6,3.238,,,,,
2913,6,3.238,,,,,
2915,6,3.238,,,,,
2917,6,3.238,,,,,
2919,6,3.238,,,,,
2923,6,3.238,,,,,
2925,6,3.238,,,,,
2927,6,3.238,,,,,
2929,6,3.238,,,,,
2931,6,3.238,,,,,
2933,6,3.238,,,,,
2935,6,3.238,,,,,
2937,6,3.238,,,,,
2939,6,3.238,,,,,
2941,6,3.238,,,,,
2943,6,3.238,,,,,
2945,6,3.238,,,,,
2947,6,3.238,,,,,
2949,6,3.238,,,,,
2951,6,3.238,,,,,
2953,6,3.238,,,,,
2955,6,3.238,,,,,
2957,6,3.238,,,,,
2959,6,3.238,,,,,
2961,6,3.238,,,,,
2963,6,3.238,,,,,
2965,6,3.238,,,,,
2967,6,3.238,,,,,
2969,6,3.238,,,,,
2971,6,3.238,,,,,
2973,6,3.238,,,,,
2975,6,3.238,,,,,
2977,6,3.238,,,,,
2979,6,3.238,,,,,
2981,6,3.238,,,,,
2983,6,3.238,,,,,
2985,6,3.238,,,,,
2987,6,3.238,,,,,
2989,6,3.238,,,,,
2991,6,3.238,,,,,
2993,6,3.238,,,,,
2995,6,3.238,,,,,
2997,6,3.238,,,,,
2999,6,3.238,,,,,
3001,6,3.238,,,,,
3003,6,3.238,,,,,
3005,6,3.238,,,,,
3007,6,3.238,,,,,
3009,6,3.238,,,,,
3011,6,3.238,,,,,
3013,6,3.238,,,,,
3015,6,3.238,,,,,
3017,6,3.238,,,,,
3019,6,3.238,,,,,
3021,6,3.238,,,,,
3023,6,3.238,,,,,
3025,6,3.238,,,,,
3027,6,3.238,,,,,
3029,6,3.238,,,,,
3031,6,3.238,,,,,
3033,6,3.238,,,,,
3035,6,3.238,,,,,
3037,6,3.238,,,,,
3039,6,3.238,,,,,
3041,6,3.238,,,,,
3043,6,3.238,,,,,
3045,6,3.238,,,,,
3047,6,3.238,,,,,
3049,6,3.238,,,,,
3051,6,3.238,,,,,
3053,6,3.238,,,,,
3055,6,3.238,,,,,
3057,6,3.238,,,,,
3059,6,3.238,,,,,
3061,6,3.238,,,,,
3063,6,3.238,,,,,
3065,6,3.238,,,,,
3067,6,3.238,,,,,
3069,6,3.238,,,,,
3071,6,3.237,,,,,
3073,6,3.238,,,,,
3075,6,3.238,,,,,
3077,6,3.238,,,,,
3079,6,3.237,,,,,
3081,6,3.238,,,,,
3083,6,3.238,,,,,
3085,6,3.238,,,,,
3087,6,3.237,,,,,
3089,6,3.237,,,,,
3091,6,3.237,,,,,
3093,6,3.237,,,,,
3095,6,3.238,,,,,
3097,6,3.237,,,,,
3099,6,3.237,,,,,
3101,6,3.238,,,,,
3103,6,3.237,,,,,
3105,6,3.238,,,,,
3107,6,3.238,,,,,
3109,6,3.237,,,,,
3111,6,3.237,,,,,
3113,6,3.237,,,,,
3115,6,3.237,,,,,
3117,6,3.237,,,,,
3119,6,3.237,,,,,
3119,6,3.237,,,,,
3119,6,3.237,,,,,
3121,0,3.253,,,,,
3122,0,3.253,,,,,
3123,18,3.212,,,,,
3125,18,3.205,,,,,
3127,18,3.204,,,,,
3129,18,3.202,,,,,
3131,18,3.2,,,,,
3133,18,3.198,,,,,
3135,18,3.197,,,,,
3137,18,3.196,,,,,
3139,18,3.195,,,,,
3141,18,3.194,,,,,
3143,18,3.193,,,,,
3145,18,3.192,,,,,
3147,18,3.191,,,,,
3149,18,3.19,,,,,
3151,18,3.19,,,,,
3153,18,3.19,,,,,
3155,18,3.189,,,,,
3157,18,3.188,,,,,
3159,18,3.188,,,,,
3161,18,3.187,,,,,
3163,18,3.186,,,,,
3165,18,3.185,,,,,
3167,18,3.185,,,,,
3169,18,3.184,,,,,
3171,18,3.184,,,,,
3173,18,3.184,,,,,
3175,18,3.184,,,,,
3177,18,3.184,,,,,
3179,18,3.184,,,,,
3181,18,3.184,,,,,
3183,18,3.183,,,,,
3185,18,3.183,,,,,
3187,18,3.183,,,,,
3189,18,3.183,,,,,
3191,18,3.183,,,,,
3193,18,3.182,,,,,
3195,18,3.182,,,,,
3197,18,3.182,,,,,
3199,18,3.182,,,,,
3201,18,3.182,,,,,
3203,18,3.181,,,,,
3205,18,3.181,,,,,
3207,18,3.181,,,,,
3209,18,3.18,,,,,
3211,18,3.18,,,,,
3213,18,3.18,,,,,
3215,18,3.179,,,,,
3217,18,3.179,,,,,
3219,18,3.179,,,,,
3221,18,3.178,,,,,
3223,18,3.178,,,,,
3225,18,3.178,,,,,
3227,18,3.178,,,,,
3229,18,3.178,,,,,
3231,18,3.177,,,,,
3233,18,3.177,,,,,
3235,18,3.177,,,,,
3237,18,3.177,,,,,
3239,18,3.177,,,,,
3241,18,3.177,,,,,
3243,18,3.177,,,,,
3245,18,3.177,,,,,
3247,18,3.177,,,,,
3249,18,3.176,,,,,
3251,18,3.176,,,,,
3253,18,3.176,,,,,
3255,18,3.176,,,,,
3257,18,3.176,,,,,
3259,18,3.176,,,,,
3261,18,3.176,,,,,
3263,18,3.176,,,,,
3265,18,3.176,,,,,
3267,18,3.176,,,,,
3269,18,3.176,,,,,
3271,18,3.176,,,,,
3273,18,3.176,,,,,
3275,18,3.175,,,,,
3277,18,3.175,,,,,
3279,18,3.175,,,,,
3281,18,3.175,,,,,
3283,18,3.175,,,,,
3285,18,3.175,,,,,
3287,18,3.175,,,,,
3289,18,3.175,,,,,
3291,18,3.175,,,,,
3293,18,3.175,,,,,
3295,18,3.175,,,,,
3297,18,3.175,,,,,
3299,18,3.175,,,,,
3301,18,3.175,,,,,
3303,18,3.175,,,,,
3305,18,3.175,,,,,
3307,18,3.174,,,,,
3309,18,3.175,,,,,
3311,18,3.174,,,,,
3313,18,3.174,,,,,
3315,18,3.174,,,,,
3317,18,3.174,,,,,
3319,18,3.174,,,,,
3321,18,3.174,,,,,
3325,18,3.174,,,,,
3327,18,3.174,,,,,
3329,18,3.174,,,,,
3331,18,3.174,,,,,
3333,18,3.174,,,,,
3335,18,3.174,,,,,
3337,18,3.174,,,,,
3339,18,3.174,,,,,
3341,18,3.174,,,,,
3343,18,3.174,,,,,
3345,18,3.174,,,,,
3347,18,3.174,,,,,
3349,18,3.174,,,,,
3351,18,3.174,,,,,
3353,18,3.174,,,,,
3355,18,3.174,,,,,
3357,18,3.173,,,,,
3359,18,3.173,,,,,
3361,18,3.173,,,,,
3363,18,3.173,,,,,
3365,18,3.173,,,,,
3367,18,3.173,,,,,
3369,18,3.173,,,,,
3373,18,3.173,,,,,
3375,18,3.173,,,,,
3377,18,3.172,,,,,
3379,18,3.172,,,,,
3381,18,3.172,,,,,
3383,18,3.172,,,,,
3385,18,3.172,,,,,
3387,18,3.172,,,,,
3389,18,3.172,,,,,
3391,18,3.172,,,,,
3393,18,3.171,,,,,
3395,18,3.171,,,,,
3397,18,3.171,,,,,
3399,18,3.171,,,,,
3401,18,3.171,,,,,
3403,18,3.171,,,,,
3405,18,3.171,,,,,
3407,18,3.171,,,,,
3409,18,3.171,,,,,
3411,18,3.171,,,,,
3413,18,3.17,,,,,
3415,18,3.17,,,,,
3417,18,3.17,,,,,
3419,18,3.17,,,,,
3421,18,3.17,,,,,
3423,18,3.17,,,,,
3425,18,3.17,,,,,
3427,18,3.17,,,,,
3429,18,3.17,,,,,
3431,18,3.17,,,,,
3433,18,3.17,,,,,
3435,18,3.17,,,,,
3437,18,3.17,,,,,
3439,18,3.169,,,,,
3441,18,3.169,,,,,
3443,18,3.169,,,,,
3445,18,3.169,,,,,
3447,18,3.169,,,,,
3449,18,3.169,,,,,
3451,18,3.169,,,,,
3453,18,3.169,,,,,
3455,18,3.169,,,,,
3457,18,3.169,,,,,
3459,18,3.169,,,,,
3461,18,3.169,,,,,
3463,18,3.169,,,,,
3465,18,3.169,,,,,
3467,18,3.169,,,,,
3469,18,3.169,,,,,
3471,18,3.168,,,,,
3473,18,3.168,,,,,
3475,18,3.168,,,,,
3477,18,3.168,,,,,
3479,18,3.168,,,,,
3481,18,3.168,,,,,
3483,18,3.168,,,,,
3485,18,3.168,,,,,
3487,18,3.168,,,,,
3489,18,3.168,,,,,
3491,18,3.168,,,,,
3493,18,3.168,,,,,
3495,18,3.168,,,,,
3497,18,3.168,,,,,
3499,18,3.168,,,,,
3501,18,3.167,,,,,
3503,18,3.167,,,,,
3505,18,3.167,,,,,
3507,18,3.167,,,,,
3509,18,3.167,,,,,
3511,18,3.167,,,,,
3513,18,3.167,,,,,
3515,18,3.167,,,,,
3517,18,3.167,,,,,
3519,18,3.167,,,,,
3521,18,3.167,,,,,
3523,18,3.167,,,,,
3525,18,3.166,,,,,
3527,18,3.166,,,,,
3529,18,3.166,,,,,
3531,18,3.166,,,,,
3533,18,3.166,,,,,
3535,18,3.166,,,,,
3537,18,3.166,,,,,
3539,18,3.166,,,,,
3541,18,3.165,,,,,
3543,18,3.165,,,,,
3545,18,3.165,,,,,
3547,18,3.165,,,,,
3549,18,3.165,,,,,
3551,18,3.164,,,,,
3553,18,3.164,,,,,
3555,18,3.164,,,,,
3557,18,3.164,,,,,
3559,18,3.164,,,,,
3561,18,3.164,,,,,
3563,18,3.163,,,,,
3565,18,3.163,,,,,
3567,18,3.163,,,,,
3569,18,3.163,,,,,
3571,18,3.163,,,,,
3573,18,3.163,,,,,
3575,18,3.163,,,,,
3577,18,3.163,,,,,
3579,18,3.163,,,,,
3581,18,3.163,,,,,
3583,18,3.163,,,,,
3585,18,3.163,,,,,
3587,18,3.163,,,,,
3589,18,3.163,,,,,
3591,18,3.163,,,,,
3593,18,3.163,,,,,
3595,18,3.163,,,,,
3597,18,3.162,,,,,
3599,18,3.162,,,,,
3601,18,3.162,,,,,
3603,18,3.162,,,,,
3605,18,3.162,,,,,
3607,18,3.162,,,,,
3609,18,3.162,,,,,
3611,18,3.162,,,,,
3613,18,3.162,,,,,
3615,18,3.162,,,,,
3617,18,3.162,,,,,
3619,18,3.162,,,,,
3621,18,3.161,,,,,
3623,18,3.161,,,,,
3625,18,3.161,,,,,
3627,18,3.161,,,,,
3629,18,3.161,,,,,
3631,18,3.161,,,,,
3633,18,3.161,,,,,
3635,18,3.161,,,,,
3637,18,3.161,,,,,
3639,18,3.161,,,,,
3641,18,3.161,,,,,
3643,18,3.161,,,,,
3645,18,3.16,,,,,
3647,18,3.161,,,,,
3649,18,3.16,,,,,
3651,18,3.161,,,,,
3653,18,3.16,,,,,
3655,18,3.16,,,,,
3657,18,3.16,,,,,
3659,18,3.16,,,,,
3661,18,3.16,,,,,
3663,18,3.16,,,,,
3665,18,3.16,,,,,
3667,18,3.16,,,,,
3669,18,3.159,,,,,
3671,18,3.159,,,,,
3673,18,3.159,,,,,
3675,18,3.159,,,,,
3677,18,3.159,,,,,
3679,18,3.159,,,,,
3681,18,3.158,,,,,
3683,18,3.158,,,,,
3685,18,3.158,,,,,
3687,18,3.158,,,,,
3689,18,3.158,,,,,
3691,18,3.158,,,,,
3693,18,3.157,,,,,
3695,18,3.157,,,,,
3697,18,3.157,,,,,
3699,18,3.157,,,,,
3701,18,3.157,,,,,
3703,18,3.156,,,,,
3705,18,3.156,,,,,
3707,18,3.156,,,,,
3711,18,3.156,,,,,
3713,18,3.156,,,,,
3715,18,3.156,,,,,
3717,18,3.155,,,,,
3719,18,3.155,,,,,
3721,18,3.155,,,,,
3721,18,3.155,,,,,
3721,18,3.155,,,,,
3723,0,3.201,,,,,
3725,0,3.202,,,,,
3727,0,3.203,,,,,
3729,0,3.208,,,,,
3731,0,3.209,,,,,
3733,0,3.209,,,,,
3735,0,3.214,,,,,
3737,0,3.215,,,,,
3739,0,3.216,,,,,
3741,0,3.216,,,,,
3743,0,3.216,,,,,
3745,0,3.216,,,,,
3747,0,3.218,,,,,
3749,0,3.223,,,,,
3751,0,3.223,,,,,
3753,0,3.224,,,,,
3755,0,3.224,,,,,
3757,0,3.224,,,,,
3759,0,3.224,,,,,
3761,0,3.224,,,,,
3763,0,3.224,,,,,
3765,0,3.224,,,,,
3767,0,3.225,,,,,
3769,0,3.228,,,,,
3771,0,3.23,,,,,
3773,0,3.23,,,,,
3775,0,3.23,,,,,
3777,0,3.23,,,,,
3779,0,3.231,,,,,
3781,0,3.231,,,,,
3783,0,3.231,,,,,
3785,0,3.231,,,,,
3787,0,3.231,,,,,
3789,0,3.231,,,,,
3791,0,3.231,,,,,
3793,0,3.231,,,,,
3795,0,3.231,,,,,
3797,0,3.231,,,,,
3799,0,3.231,,,,,
3801,0,3.231,,,,,
3803,0,3.231,,,,,
3805,0,3.231,,,,,
3807,0,3.231,,,,,
3809,0,3.231,,,,,
3811,0,3.232,,,,,
3813,0,3.233,,,,,
3815,0,3.234,,,,,
3817,0,3.235,,,,,
3819,0,3.236,,,,,
3821,0,3.237,,,,,
3823,0,3.237,,,,,
3825,0,3.237,,,,,
3827,0,3.237,,,,,
3829,0,3.237,,,,,
3831,0,3.237,,,,,
3833,0,3.237,,,,,
3835,0,3.237,,,,,
3837,0,3.237,,,,,
3839,0,3.238,,,,,
3841,0,3.238,,,,,
3843,0,3.238,,,,,
3845,0,3.237,,,,,
3847,0,3.238,,,,,
3849,0,3.238,,,,,
3851,0,3.238,,,,,
3853,0,3.238,,,,,
3855,0,3.238,,,,,
3857,0,3.238,,,,,
3859,0,3.238,,,,,
3861,0,3.238,,,,,
3863,0,3.238,,,,,
3865,0,3.238,,,,,
3867,0,3.238,,,,,
3869,0,3.238,,,,,
3871,0,3.238,,,,,
3873,0,3.238,,,,,
3875,0,3.238,,,,,
3877,0,3.238,,,,,
3879,0,3.238,,,,,
3881,0,3.238,,,,,
3883,0,3.238,,,,,
3885,0,3.238,,,,,
3887,0,3.238,,,,,
3889,0,3.238,,,,,
3891,0,3.238,,,,,
3893,0,3.238,,,,,
3895,0,3.238,,,,,
3897,0,3.238,,,,,
3899,0,3.238,,,,,
3901,0,3.238,,,,,
3903,0,3.238,,,,,
3905,0,3.238,,,,,
3907,0,3.238,,,,,
3909,0,3.238,,,,,
3911,0,3.238,,,,,
3913,0,3.238,,,,,
3915,0,3.238,,,,,
3917,0,3.238,,,,,
3919,0,3.238,,,,,
3921,0,3.238,,,,,
3923,0,3.239,,,,,
3925,0,3.239,,,,,
3927,0,3.24,,,,,
3929,0,3.24,,,,,
3931,0,3.24,,,,,
3933,0,3.241,,,,,
3935,0,3.241,,,,,
3937,0,3.242,,,,,
3939,0,3.242,,,,,
3941,0,3.243,,,,,
3943,0,3.243,,,,,
3945,0,3.243,,,,,
3947,0,3.244,,,,,
3949,0,3.244,,,,,
3951,0,3.244,,,,,
3953,0,3.245,,,,,
3955,0,3.245,,,,,
3957,0,3.245,,,,,
3959,0,3.245,,,,,
3961,0,3.245,,,,,
3963,0,3.245,,,,,
3965,0,3.245,,,,,
3967,0,3.245,,,,,
3969,0,3.245,,,,,
3971,0,3.245,,,,,
3973,0,3.245,,,,,
3975,0,3.245,,,,,
3977,0,3.245,,,,,
3979,0,3.245,,,,,
3981,0,3.245,,,,,
3983,0,3.245,,,,,
3985,0,3.245,,,,,
3987,0,3.245,,,,,
3989,0,3.245,,,,,
3991,0,3.245,,,,,
3993,0,3.245,,,,,
3995,0,3.245,,,,,
3997,0,3.245,,,,,
3999,0,3.245,,,,,
4001,0,3.245,,,,,
4003,0,3.245,,,,,
4005,0,3.245,,,,,
4007,0,3.245,,,,,
4009,0,3.245,,,,,
4011,0,3.245,,,,,
4013,0,3.245,,,,,
4015,0,3.245,,,,,
4017,0,3.245,,,,,
4019,0,3.245,,,,,
4021,0,3.245,,,,,
4023,0,3.245,,,,,
4025,0,3.245,,,,,
4026,0,3.245,,,,,
4027,5.41,3.256,,,,,
4029,6,3.26,,,,,
4031,6,3.26,,,,,
4033,6,3.26,,,,,
4035,6,3.26,,,,,
4039,6,3.261,,,,,
4041,6,3.27,,,,,
4043,6,3.27,,,,,
4045,5.99,3.27,,,,,
4047,5.98,3.27,,,,,
4049,5.98,3.27,,,,,
4051,5.98,3.27,,,,,
4053,5.98,3.27,,,,,
4055,5.98,3.27,,,,,
4057,5.98,3.27,,,,,
4059,5.98,3.27,,,,,
4061,5.98,3.27,,,,,
4063,5.92,3.27,,,,,
4065,5.78,3.27,,,,,
4067,5.64,3.27,,,,,
4069,5.52,3.27,,,,,
4071,5.4,3.27,,,,,
4073,5.31,3.27,,,,,
4075,5.22,3.27,,,,,
4077,5.14,3.27,,,,,
4079,5.06,3.27,,,,,
4083,4.93,3.27,,,,,
4085,4.85,3.27,,,,,
4087,4.79,3.27,,,,,
4089,4.73,3.27,,,,,
4091,4.68,3.27,,,,,
4093,4.63,3.27,,,,,
4095,4.57,3.27,,,,,
4097,4.51,3.27,,,,,
4099,4.46,3.27,,,,,
4101,4.43,3.27,,,,,
4103,4.4,3.27,,,,,
4105,4.35,3.27,,,,,
4107,4.3,3.27,,,,,
4109,4.26,3.27,,,,,
4111,4.23,3.27,,,,,
4113,4.18,3.27,,,,,
4115,4.15,3.27,,,,,
4117,4.11,3.27,,,,,
4119,4.09,3.27,,,,,
4121,4.05,3.27,,,,,
4123,4.02,3.27,,,,,
4125,3.99,3.27,,,,,
4127,3.96,3.27,,,,,
4129,3.94,3.27,,,,,
4131,3.91,3.27,,,,,
4133,3.88,3.27,,,,,
4135,3.84,3.27,,,,,
4137,3.82,3.27,,,,,
4139,3.8,3.27,,,,,
4141,3.76,3.27,,,,,
4143,3.73,3.27,,,,,
4145,3.71,3.27,,,,,
4147,3.69,3.27,,,,,
4149,3.65,3.27,,,,,
4151,3.64,3.27,,,,,
4153,3.61,3.27,,,,,
4155,3.58,3.27,,,,,
4157,3.56,3.27,,,,,
4159,3.53,3.27,,,,,
4161,3.51,3.27,,,,,
4163,3.49,3.27,,,,,
4165,3.47,3.27,,,,,
4167,3.44,3.27,,,,,
4169,3.42,3.27,,,,,
4171,3.41,3.27,,,,,
4173,3.39,3.27,,,,,
4175,3.38,3.27,,,,,
4177,3.35,3.27,,,,,
4179,3.33,3.27,,,,,
4181,3.3,3.27,,,,,
4183,3.28,3.27,,,,,
4185,3.27,3.27,,,,,
4187,3.25,3.27,,,,,
4189,3.22,3.27,,,,,
4191,3.21,3.27,,,,,
4193,3.19,3.27,,,,,
4195,3.18,3.27,,,,,
4197,3.16,3.27,,,,,
4199,3.14,3.27,,,,,
4201,3.11,3.27,,,,,
4203,3.09,3.27,,,,,
4205,3.08,3.27,,,,,
4207,3.05,3.27,,,,,
4209,3.03,3.27,,,,,
4211,3.03,3.27,,,,,
4213,3.01,3.27,,,,,
4215,2.99,3.27,,,,,
4217,2.98,3.27,,,,,
4219,2.97,3.27,,,,,
4221,2.96,3.27,,,,,
4223,2.93,3.27,,,,,
4225,2.92,3.27,,,,,
4227,2.9,3.27,,,,,
4229,2.88,3.27,,,,,
4231,2.86,3.27,,,,,
4233,2.84,3.27,,,,,
4235,2.84,3.27,,,,,
4237,2.82,3.27,,,,,
4239,2.8,3.27,,,,,
4241,2.79,3.27,,,,,
4243,2.78,3.27,,,,,
4245,2.76,3.27,,,,,
4247,2.74,3.27,,,,,
4249,2.72,3.27,,,,,
4251,2.72,3.27,,,,,
4257,2.67,3.27,,,,,
4259,2.66,3.27,,,,,
4261,2.64,3.27,,,,,
4263,2.63,3.27,,,,,
4265,2.61,3.27,,,,,
4267,2.6,3.27,,,,,
4271,2.58,3.27,,,,,
4275,2.55,3.27,,,,,
4277,2.53,3.27,,,,,
4279,2.52,3.27,,,,,
4281,2.52,3.27,,,,,
4283,2.51,3.27,,,,,
4285,2.49,3.27,,,,,
4287,2.48,3.27,,,,,
4289,2.47,3.27,,,,,
4291,2.46,3.27,,,,,
4293,2.45,3.27,,,,,
4295,2.43,3.27,,,,,
4297,2.42,3.27,,,,,
4299,2.4,3.27,,,,,
4301,2.4,3.27,,,,,
4303,2.38,3.27,,,,,
4305,2.38,3.27,,,,,
4307,2.36,3.27,,,,,
4309,2.35,3.27,,,,,
4311,2.34,3.27,,,,,
4313,2.33,3.27,,,,,
4315,2.32,3.27,,,,,
4317,2.31,3.27,,,,,
4319,2.3,3.27,,,,,
4321,2.3,3.27,,,,,
4323,2.28,3.27,,,,,
4325,2.27,3.27,,,,,
4327,2.25,3.27,,,,,
4329,2.25,3.27,,,,,
4331,2.24,3.27,,,,,
4333,2.22,3.27,,,,,
4335,2.21,3.27,,,,,
4337,2.19,3.27,,,,,
4339,2.18,3.27,,,,,
4341,2.17,3.27,,,,,
4343,2.16,3.27,,,,,
4345,2.15,3.27,,,,,
4347,2.14,3.27,,,,,
4349,2.14,3.27,,,,,
4351,2.13,3.27,,,,,
4353,2.12,3.27,,,,,
4355,2.12,3.27,,,,,
4357,2.1,3.27,,,,,
4359,2.09,3.27,,,,,
4361,2.09,3.27,,,,,
4363,2.08,3.27,,,,,
4365,2.05,3.27,,,,,
4367,2.05,3.27,,,,,
4369,2.04,3.27,,,,,
4371,2.04,3.27,,,,,
4373,2.02,3.27,,,,,
4375,2.01,3.27,,,,,
4377,2,3.27,,,,,
4379,1.99,3.27,,,,,
4381,1.98,3.27,,,,,
4383,1.97,3.27,,,,,
4385,1.97,3.27,,,,,
4387,1.97,3.27,,,,,
4389,1.96,3.27,,,,,
4391,1.94,3.27,,,,,
4393,1.93,3.27,,,,,
4395,1.93,3.27,,,,,
4397,1.92,3.27,,,,,
4399,1.92,3.27,,,,,
4401,1.92,3.27,,,,,
4403,1.9,3.27,,,,,
4405,1.89,3.27,,,,,
4407,1.88,3.27,,,,,
4409,1.88,3.27,,,,,
4411,1.87,3.27,,,,,
4413,1.86,3.27,,,,,
4415,1.85,3.27,,,,,
4417,1.85,3.27,,,,,
4419,1.84,3.27,,,,,
4421,1.84,3.27,,,,,
4423,1.82,3.27,,,,,
4425,1.82,3.27,,,,,
4427,1.81,3.27,,,,,
4429,1.8,3.27,,,,,
4431,1.79,3.27,,,,,
4433,1.78,3.27,,,,,
4435,1.76,3.27,,,,,
4437,1.76,3.27,,,,,
4439,1.76,3.27,,,,,
4441,1.75,3.27,,,,,
4443,1.74,3.27,,,,,
4445,1.73,3.27,,,,,
4447,1.71,3.27,,,,,
4449,1.71,3.27,,,,,
4451,1.71,3.27,,,,,
4453,1.7,3.27,,,,,
4455,1.7,3.27,,,,,
4457,1.69,3.27,,,,,
4459,1.68,3.27,,,,,
4461,1.67,3.27,,,,,
4463,1.67,3.27,,,,,
4465,1.67,3.27,,,,,
4467,1.67,3.27,,,,,
4469,1.67,3.27,,,,,
4471,1.66,3.27,,,,,
4473,1.64,3.27,,,,,
4475,1.63,3.27,,,,,
4477,1.63,3.27,,,,,
4479,1.61,3.27,,,,,
4481,1.6,3.27,,,,,
4483,1.6,3.27,,,,,
4485,1.59,3.27,,,,,
4487,1.59,3.27,,,,,
4489,1.58,3.27,,,,,
4491,1.57,3.27,,,,,
4493,1.57,3.27,,,,,
4495,1.56,3.27,,,,,
4497,1.55,3.27,,,,,
4499,1.55,3.27,,,,,
4501,1.54,3.27,,,,,
4503,1.54,3.27,,,,,
4505,1.54,3.27,,,,,
4507,1.54,3.27,,,,,
4509,1.53,3.27,,,,,
4511,1.5,3.27,,,,,
4513,1.5,3.27,,,,,
4515,1.5,3.27,,,,,
4517,1.49,3.27,,,,,
4519,1.49,3.27,,,,,
4521,1.48,3.27,,,,,
4523,1.47,3.27,,,,,
4525,1.46,3.27,,,,,
4527,1.46,3.27,,,,,
4529,1.46,3.27,,,,,
4531,1.45,3.27,,,,,
4533,1.44,3.27,,,,,
4535,1.43,3.27,,,,,
4537,1.42,3.27,,,,,
4539,1.41,3.27,,,,,
4541,1.41,3.27,,,,,
4543,1.41,3.27,,,,,
4545,1.41,3.27,,,,,
4547,1.41,3.27,,,,,
4549,1.41,3.27,,,,,
4551,1.4,3.27,,,,,
4553,1.39,3.27,,,,,
4555,1.38,3.27,,,,,
4557,1.38,3.27,,,,,
4559,1.37,3.27,,,,,
4561,1.37,3.27,,,,,
4563,1.37,3.27,,,,,
4565,1.37,3.27,,,,,
4567,1.37,3.27,,,,,
4569,1.35,3.27,,,,,
4571,1.35,3.27,,,,,
4573,1.33,3.27,,,,,
4575,1.33,3.27,,,,,
4577,1.33,3.27,,,,,
4579,1.33,3.27,,,,,
4581,1.31,3.27,,,,,
4583,1.3,3.27,,,,,
4585,1.3,3.27,,,,,
4587,1.29,3.27,,,,,
4589,1.29,3.27,,,,,
4591,1.28,3.27,,,,,
4593,1.28,3.27,,,,,
4595,1.27,3.27,,,,,
4597,1.27,3.27,,,,,
4599,1.27,3.27,,,,,
4601,1.27,3.27,,,,,
4603,1.26,3.27,,,,,
4605,1.26,3.27,,,,,
4607,1.25,3.27,,,,,
4609,1.25,3.27,,,,,
4611,1.25,3.27,,,,,
4613,1.24,3.27,,,,,
4615,1.24,3.27,,,,,
4617,1.23,3.27,,,,,
4619,1.22,3.27,,,,,
4621,1.22,3.27,,,,,
4623,1.21,3.27,,,,,
4625,1.2,3.27,,,,,
4627,1.2,3.27,,,,,
4629,1.19,3.27,,,,,
4631,1.18,3.27,,,,,
4633,1.17,3.27,,,,,
4635,1.17,3.27,,,,,
4637,1.17,3.27,,,,,
4639,1.16,3.27,,,,,
4641,1.16,3.27,,,,,
4643,1.16,3.27,,,,,
4645,1.16,3.27,,,,,
4647,1.16,3.27,,,,,
4649,1.16,3.27,,,,,
4651,1.16,3.27,,,,,
4653,1.15,3.27,,,,,
4655,1.15,3.27,,,,,
4657,1.15,3.27,,,,,
4659,1.14,3.27,,,,,
4661,1.13,3.27,,,,,
4663,1.13,3.27,,,,,
4665,1.12,3.27,,,,,
4667,1.12,3.27,,,,,
4669,1.12,3.27,,,,,
4671,1.11,3.27,,,,,
4673,1.1,3.27,,,,,
4675,1.09,3.27,,,,,
4677,1.08,3.27,,,,,
4679,1.08,3.27,,,,,
4681,1.08,3.27,,,,,
4683,1.08,3.27,,,,,
4685,1.07,3.27,,,,,
4687,1.07,3.27,,,,,
4689,1.07,3.27,,,,,
4691,1.07,3.27,,,,,
4693,1.07,3.27,,,,,
4695,1.07,3.27,,,,,
4697,1.07,3.27,,,,,
4699,1.07,3.27,,,,,
4701,1.06,3.27,,,,,
4703,1.04,3.27,,,,,
4705,1.04,3.27,,,,,
4707,1.04,3.27,,,,,
4709,1.03,3.27,,,,,
4711,1.03,3.27,,,,,
4713,1.02,3.27,,,,,
4715,1.02,3.27,,,,,
4717,1.02,3.27,,,,,
4719,1,3.27,,,,,
4721,1,3.27,,,,,
4723,1,3.27,,,,,
4725,0.99,3.27,,,,,
4727,0.99,3.27,,,,,
4729,0.99,3.27,,,,,
4731,0.99,3.27,,,,,
4733,0.99,3.27,,,,,
4735,0.99,3.27,,,,,
4737,0.99,3.27,,,,,
4739,0.98,3.27,,,,,
4741,0.98,3.27,,,,,
4743,0.98,3.27,,,,,
4745,0.97,3.27,,,,,
4747,0.96,3.27,,,,,
4749,0.96,3.27,,,,,
4751,0.96,3.27,,,,,
4753,0.95,3.27,,,,,
4755,0.95,3.27,,,,,
4757,0.95,3.27,,,,,
4759,0.95,3.27,,,,,
4761,0.94,3.27,,,,,
4763,0.94,3.27,,,,,
4765,0.94,3.27,,,,,
4767,0.92,3.27,,,,,
4769,0.92,3.27,,,,,
4771,0.91,3.27,,,,,
4773,0.91,3.27,,,,,
4775,0.91,3.27,,,,,
4777,0.91,3.27,,,,,
4779,0.91,3.27,,,,,
4781,0.91,3.27,,,,,
4783,0.91,3.27,,,,,
4785,0.91,3.27,,,,,
4787,0.9,3.27,,,,,
4787,0.9,3.27,,,,,
4788,0,3.27,,,,,
4789,0,3.267,,,,,
4790,2.01,3.274,,,,,
4792,3,3.28,,,,,
4794,3,3.28,,,,,
4796,3,3.28,,,,,
4798,3,3.28,,,,,
4800,3,3.28,,,,,
4802,3,3.28,,,,,
4804,3,3.28,,,,,
4806,3,3.28,,,,,
4808,3,3.28,,,,,
4812,2.97,3.28,,,,,
4814,2.88,3.28,,,,,
4816,2.81,3.28,,,,,
4818,2.76,3.28,,,,,
4820,2.71,3.28,,,,,
4822,2.66,3.28,,,,,
4824,2.63,3.28,,,,,
4828,2.56,3.28,,,,,
4830,2.52,3.28,,,,,
4832,2.49,3.28,,,,,
4834,2.46,3.28,,,,,
4836,2.45,3.28,,,,,
4838,2.4,3.28,,,,,
4840,2.42,3.28,,,,,
4842,2.38,3.28,,,,,
4844,2.36,3.28,,,,,
4846,2.33,3.28,,,,,
4848,2.33,3.28,,,,,
4850,2.3,3.28,,,,,
4852,2.3,3.28,,,,,
4854,2.28,3.28,,,,,
4856,2.26,3.28,,,,,
4858,2.26,3.28,,,,,
4860,2.23,3.28,,,,,
4862,2.21,3.28,,,,,
4864,2.2,3.28,,,,,
4866,2.2,3.28,,,,,
4868,2.18,3.28,,,,,
4870,2.17,3.28,,,,,
4872,2.17,3.28,,,,,
4874,2.16,3.28,,,,,
4876,2.14,3.28,,,,,
4878,2.14,3.28,,,,,
4880,2.12,3.28,,,,,
4882,2.12,3.28,,,,,
4884,2.09,3.28,,,,,
4886,2.09,3.28,,,,,
4888,2.1,3.28,,,,,
4890,2.08,3.28,,,,,
4892,2.07,3.28,,,,,
4894,2.07,3.28,,,,,
4898,2.05,3.28,,,,,
4900,2.04,3.28,,,,,
4908,1.99,3.28,,,,,
4910,1.99,3.28,,,,,
4912,1.98,3.28,,,,,
4914,1.98,3.28,,,,,
4916,1.97,3.28,,,,,
4918,1.96,3.28,,,,,
4920,1.95,3.28,,,,,
4922,1.96,3.28,,,,,
4924,1.94,3.28,,,,,
4926,1.94,3.28,,,,,
4928,1.93,3.28,,,,,
4930,1.92,3.28,,,,,
4932,1.92,3.28,,,,,
4934,1.9,3.28,,,,,
4936,1.9,3.28,,,,,
4938,1.89,3.28,,,,,
4940,1.88,3.28,,,,,
4942,1.88,3.28,,,,,
4944,1.88,3.28,,,,,
4946,1.87,3.28,,,,,
4948,1.86,3.28,,,,,
4950,1.85,3.28,,,,,
4952,1.84,3.28,,,,,
4954,1.85,3.28,,,,,
4956,1.84,3.28,,,,,
4958,1.84,3.28,,,,,
4960,1.83,3.28,,,,,
4962,1.81,3.28,,,,,
4964,1.8,3.28,,,,,
4966,1.8,3.28,,,,,
4968,1.8,3.28,,,,,
4970,1.79,3.28,,,,,
4972,1.8,3.28,,,,,
4974,1.78,3.28,,,,,
4976,1.78,3.28,,,,,
4978,1.77,3.28,,,,,
4980,1.76,3.28,,,,,
4982,1.77,3.28,,,,,
4984,1.75,3.28,,,,,
4986,1.75,3.28,,,,,
4988,1.74,3.28,,,,,
4990,1.75,3.28,,,,,
4992,1.74,3.28,,,,,
4994,1.71,3.28,,,,,
4996,1.7,3.28,,,,,
4998,1.71,3.28,,,,,
5000,1.71,3.28,,,,,
5002,1.69,3.28,,,,,
5004,1.69,3.28,,,,,
5006,1.69,3.28,,,,,
5008,1.7,3.28,,,,,
5010,1.68,3.28,,,,,
5012,1.67,3.28,,,,,
5014,1.67,3.28,,,,,
5016,1.67,3.28,,,,,
5018,1.67,3.28,,,,,
5020,1.66,3.28,,,,,
5022,1.64,3.28,,,,,
5024,1.66,3.28,,,,,
5026,1.63,3.28,,,,,
5028,1.63,3.28,,,,,
5030,1.64,3.28,,,,,
5032,1.63,3.28,,,,,
5034,1.63,3.28,,,,,
5036,1.62,3.28,,,,,
5038,1.61,3.28,,,,,
5040,1.59,3.28,,,,,
5042,1.6,3.28,,,,,
5044,1.61,3.28,,,,,
5046,1.58,3.28,,,,,
5048,1.59,3.28,,,,,
5050,1.58,3.28,,,,,
5052,1.58,3.28,,,,,
5054,1.58,3.28,,,,,
5056,1.58,3.28,,,,,
5058,1.57,3.28,,,,,
5060,1.55,3.28,,,,,
5062,1.55,3.28,,,,,
5064,1.55,3.28,,,,,
5066,1.54,3.28,,,,,
5068,1.54,3.28,,,,,
5070,1.54,3.28,,,,,
5072,1.54,3.28,,,,,
5074,1.52,3.28,,,,,
5076,1.52,3.28,,,,,
5078,1.52,3.28,,,,,
5080,1.52,3.28,,,,,
5082,1.5,3.28,,,,,
5084,1.5,3.28,,,,,
5086,1.5,3.28,,,,,
5088,1.5,3.28,,,,,
5090,1.48,3.28,,,,,
5092,1.49,3.28,,,,,
5094,1.49,3.28,,,,,
5096,1.49,3.28,,,,,
5098,1.47,3.28,,,,,
5100,1.47,3.28,,,,,
5102,1.46,3.28,,,,,
5104,1.46,3.28,,,,,
5106,1.45,3.28,,,,,
5108,1.46,3.28,,,,,
5110,1.45,3.28,,,,,
5112,1.45,3.28,,,,,
5114,1.44,3.28,,,,,
5116,1.43,3.28,,,,,
5118,1.42,3.28,,,,,
5120,1.43,3.28,,,,,
5122,1.41,3.28,,,,,
5124,1.4,3.28,,,,,
5126,1.42,3.28,,,,,
5128,1.41,3.28,,,,,
5130,1.41,3.28,,,,,
5132,1.4,3.28,,,,,
5134,1.41,3.28,,,,,
5136,1.41,3.28,,,,,
5138,1.38,3.28,,,,,
5140,1.38,3.28,,,,,
5142,1.38,3.28,,,,,
5144,1.38,3.28,,,,,
5146,1.37,3.28,,,,,
5148,1.36,3.28,,,,,
5150,1.37,3.28,,,,,
5152,1.37,3.28,,,,,
5154,1.37,3.28,,,,,
5156,1.35,3.28,,,,,
5158,1.36,3.28,,,,,
5160,1.35,3.28,,,,,
5162,1.35,3.28,,,,,
5164,1.34,3.28,,,,,
5166,1.34,3.28,,,,,
5168,1.34,3.28,,,,,
5170,1.33,3.28,,,,,
5172,1.33,3.28,,,,,
5174,1.33,3.28,,,,,
5176,1.32,3.28,,,,,
5178,1.32,3.28,,,,,
5180,1.32,3.28,,,,,
5182,1.32,3.28,,,,,
5184,1.29,3.28,,,,,
5186,1.29,3.28,,,,,
5188,1.29,3.28,,,,,
5190,1.29,3.28,,,,,
5192,1.29,3.28,,,,,
5194,1.29,3.28,,,,,
5196,1.28,3.28,,,,,
5198,1.29,3.28,,,,,
5200,1.28,3.28,,,,,
5202,1.26,3.28,,,,,
5204,1.27,3.28,,,,,
5206,1.29,3.28,,,,,
5208,1.27,3.28,,,,,
5210,1.26,3.28,,,,,
5212,1.25,3.28,,,,,
5214,1.25,3.28,,,,,
5216,1.24,3.28,,,,,
5218,1.25,3.28,,,,,
5220,1.25,3.28,,,,,
5222,1.24,3.28,,,,,
5224,1.24,3.28,,,,,
5226,1.24,3.28,,,,,
5228,1.22,3.28,,,,,
5230,1.23,3.28,,,,,
5232,1.24,3.28,,,,,
5234,1.24,3.28,,,,,
5236,1.22,3.28,,,,,
5238,1.21,3.28,,,,,
5240,1.21,3.28,,,,,
5242,1.2,3.28,,,,,
5244,1.21,3.28,,,,,
5246,1.2,3.28,,,,,
5248,1.19,3.28,,,,,
5250,1.19,3.28,,,,,
5252,1.2,3.28,,,,,
5254,1.18,3.28,,,,,
5256,1.17,3.28,,,,,
5258,1.19,3.28,,,,,
5260,1.18,3.28,,,,,
5262,1.17,3.28,,,,,
5264,1.17,3.28,,,,,
5266,1.16,3.28,,,,,
5268,1.17,3.28,,,,,
5270,1.16,3.28,,,,,
5272,1.16,3.28,,,,,
5274,1.16,3.28,,,,,
5276,1.16,3.28,,,,,
5278,1.16,3.28,,,,,
5280,1.16,3.28,,,,,
5282,1.15,3.28,,,,,
5284,1.16,3.28,,,,,
5286,1.14,3.28,,,,,
5288,1.14,3.28,,,,,
5290,1.12,3.28,,,,,
5292,1.14,3.28,,,,,
5294,1.13,3.28,,,,,
5296,1.13,3.28,,,,,
5298,1.12,3.28,,,,,
5300,1.12,3.28,,,,,
5302,1.12,3.28,,,,,
5304,1.12,3.28,,,,,
5306,1.12,3.28,,,,,
5308,1.12,3.28,,,,,
5310,1.1,3.28,,,,,
5312,1.11,3.28,,,,,
5314,1.08,3.28,,,,,
5316,1.08,3.28,,,,,
5318,1.11,3.28,,,,,
5320,1.08,3.28,,,,,
5322,1.08,3.28,,,,,
5324,1.08,3.28,,,,,
5326,1.08,3.28,,,,,
5328,1.07,3.28,,,,,
5330,1.07,3.28,,,,,
5332,1.06,3.28,,,,,
5334,1.05,3.28,,,,,
5336,1.05,3.28,,,,,
5338,1.08,3.28,,,,,
5340,1.07,3.28,,,,,
5342,1.07,3.28,,,,,
5344,1.06,3.28,,,,,
5346,1.07,3.28,,,,,
5348,1.04,3.28,,,,,
5352,1.04,3.28,,,,,
5354,1.04,3.28,,,,,
5360,1.04,3.28,,,,,
5362,1.04,3.28,,,,,
5364,1.03,3.28,,,,,
5366,1.03,3.28,,,,,
5368,1.03,3.28,,,,,
5370,1.03,3.28,,,,,
5372,1.04,3.28,,,,,
5374,1.01,3.28,,,,,
5376,1,3.28,,,,,
5378,0.99,3.28,,,,,
5380,0.99,3.28,,,,,
5382,1.03,3.28,,,,,
5384,1,3.28,,,,,
5386,1,3.28,,,,,
5388,1,3.28,,,,,
5390,0.99,3.28,,,,,
5392,0.99,3.28,,,,,
5394,0.99,3.28,,,,,
5396,0.99,3.28,,,,,
5398,0.99,3.28,,,,,
5400,0.99,3.28,,,,,
5402,0.99,3.28,,,,,
5404,0.99,3.28,,,,,
5406,0.98,3.28,,,,,
5408,0.96,3.28,,,,,
5410,0.97,3.28,,,,,
5412,0.96,3.28,,,,,
5414,0.97,3.28,,,,,
5416,0.96,3.28,,,,,
5418,0.97,3.28,,,,,
5420,0.96,3.28,,,,,
5422,0.96,3.28,,,,,
5424,0.95,3.28,,,,,
5426,0.95,3.28,,,,,
5428,0.95,3.28,,,,,
5430,0.95,3.28,,,,,
5432,0.95,3.28,,,,,
5434,0.95,3.28,,,,,
5436,0.94,3.28,,,,,
5438,0.92,3.28,,,,,
5440,0.95,3.28,,,,,
5442,0.93,3.28,,,,,
5444,0.93,3.28,,,,,
5446,0.94,3.28,,,,,
5448,0.91,3.28,,,,,
5450,0.92,3.28,,,,,
5452,0.93,3.28,,,,,
5454,0.92,3.28,,,,,
5456,0.91,3.28,,,,,
5458,0.92,3.28,,,,,
5460,0.92,3.28,,,,,
5462,0.92,3.28,,,,,
5464,0.92,3.28,,,,,
5464,0.9,3.28,,,,,
5464,0.9,3.28,,,,,
5466,0,3.275,,,,,
5467,10.2,3.252,,,,,
5469,10.2,3.246,,,,,
5471,10.2,3.245,,,,,
5475,10.2,3.241,,,,,
5477,10.2,3.238,,,,,
5479,10.2,3.238,,,,,
5481,10.2,3.236,,,,,
5483,10.2,3.235,,,,,
5485,10.2,3.233,,,,,
5487,10.2,3.231,,,,,
5489,10.2,3.231,,,,,
5491,10.2,3.23,,,,,
5493,10.2,3.23,,,,,
5495,10.2,3.229,,,,,
5497,10.2,3.227,,,,,
5499,10.2,3.226,,,,,
5501,10.2,3.225,,,,,
5503,10.2,3.224,,,,,
5505,10.2,3.224,,,,,
5507,10.2,3.224,,,,,
5509,10.2,3.223,,,,,
5511,10.2,3.223,,,,,
5513,10.2,3.222,,,,,
5515,10.2,3.22,,,,,
5517,10.2,3.22,,,,,
5519,10.2,3.219,,,,,
5521,10.2,3.218,,,,,
5523,10.2,3.217,,,,,
5525,10.2,3.216,,,,,
5527,10.2,3.216,,,,,
5529,10.2,3.216,,,,,
5531,10.2,3.216,,,,,
5533,10.2,3.216,,,,,
5535,10.2,3.215,,,,,
5537,10.2,3.215,,,,,
5539,10.2,3.215,,,,,
5541,10.2,3.215,,,,,
5543,10.2,3.214,,,,,
5545,10.2,3.213,,,,,
5547,10.2,3.212,,,,,
5549,10.2,3.212,,,,,
5551,10.2,3.211,,,,,
5553,10.2,3.211,,,,,
5555,10.2,3.21,,,,,
5559,10.2,3.209,,,,,
5561,10.2,3.209,,,,,
5563,10.2,3.209,,,,,
5565,10.2,3.209,,,,,
5567,10.2,3.209,,,,,
5569,10.2,3.209,,,,,
5571,10.2,3.208,,,,,
5573,10.2,3.208,,,,,
5575,10.2,3.208,,,,,
5577,10.2,3.207,,,,,
5579,10.2,3.207,,,,,
5581,10.2,3.206,,,,,
5583,10.2,3.205,,,,,
5585,10.2,3.205,,,,,
5587,10.2,3.204,,,,,
5589,10.2,3.204,,,,,
5591,10.2,3.204,,,,,
5593,10.2,3.204,,,,,
5595,10.2,3.204,,,,,
5597,10.2,3.204,,,,,
5599,10.2,3.203,,,,,
5601,10.2,3.203,,,,,
5603,10.2,3.203,,,,,
5605,10.2,3.202,,,,,
5607,10.2,3.202,,,,,
5609,10.2,3.202,,,,,
5611,10.2,3.202,,,,,
5613,10.2,3.202,,,,,
5615,10.2,3.202,,,,,
5617,10.2,3.202,,,,,
5619,10.2,3.202,,,,,
5621,10.2,3.202,,,,,
5623,10.2,3.202,,,,,
5625,10.2,3.201,,,,,
5627,10.2,3.201,,,,,
5629,10.2,3.201,,,,,
5631,10.2,3.201,,,,,
5633,10.2,3.201,,,,,
5635,10.2,3.201,,,,,
5637,10.2,3.201,,,,,
5639,10.2,3.201,,,,,
5641,10.2,3.201,,,,,
5643,10.2,3.2,,,,,
5645,10.2,3.2,,,,,
5647,10.2,3.199,,,,,
5649,10.2,3.199,,,,,
5651,10.2,3.199,,,,,
5653,10.2,3.198,,,,,
5655,10.2,3.198,,,,,
5657,10.2,3.198,,,,,
5659,10.2,3.197,,,,,
5661,10.2,3.197,,,,,
5663,10.2,3.197,,,,,
5665,10.2,3.197,,,,,
5667,10.2,3.196,,,,,
5669,10.2,3.196,,,,,
5671,10.2,3.196,,,,,
5673,10.2,3.196,,,,,
5675,10.2,3.196,,,,,
5677,10.2,3.195,,,,,
5679,10.2,3.195,,,,,
5681,10.2,3.195,,,,,
5683,10.2,3.195,,,,,
5685,10.2,3.194,,,,,
5687,10.2,3.194,,,,,
5689,10.2,3.194,,,,,
5691,10.2,3.194,,,,,
5693,10.2,3.194,,,,,
5695,10.2,3.194,,,,,
5697,10.2,3.194,,,,,
5699,10.2,3.194,,,,,
5701,10.2,3.194,,,,,
5703,10.2,3.194,,,,,
5705,10.2,3.194,,,,,
5707,10.2,3.194,,,,,
5709,10.2,3.194,,,,,
5711,10.2,3.194,,,,,
5713,10.2,3.194,,,,,
5715,10.2,3.194,,,,,
5717,10.2,3.194,,,,,
5719,10.2,3.194,,,,,
5721,10.2,3.194,,,,,
5723,10.2,3.194,,,,,
5725,10.2,3.194,,,,,
5729,10.2,3.193,,,,,
5731,10.2,3.193,,,,,
5733,10.2,3.193,,,,,
5735,10.2,3.193,,,,,
5737,10.2,3.192,,,,,
5739,10.2,3.192,,,,,
5741,10.2,3.192,,,,,
5743,10.2,3.191,,,,,
5745,10.2,3.191,,,,,
5747,10.2,3.191,,,,,
5749,10.2,3.191,,,,,
5751,10.2,3.19,,,,,
5753,10.2,3.19,,,,,
5755,10.2,3.19,,,,,
5757,10.2,3.19,,,,,
5759,10.2,3.19,,,,,
5761,10.2,3.19,,,,,
5763,10.2,3.189,,,,,
5765,10.2,3.189,,,,,
5767,10.2,3.189,,,,,
5769,10.2,3.189,,,,,
5771,10.2,3.189,,,,,
5773,10.2,3.188,,,,,
5775,10.2,3.188,,,,,
5777,10.2,3.188,,,,,
5779,10.2,3.188,,,,,
5781,10.2,3.188,,,,,
5783,10.2,3.187,,,,,
5785,10.2,3.187,,,,,
5787,10.2,3.187,,,,,
5789,10.2,3.187,,,,,
5791,10.2,3.187,,,,,
5793,10.2,3.187,,,,,
5795,10.2,3.187,,,,,
5797,10.2,3.187,,,,,
5799,10.2,3.187,,,,,
5801,10.2,3.187,,,,,
5803,10.2,3.187,,,,,
5805,10.2,3.187,,,,,
5807,10.2,3.187,,,,,
5809,10.2,3.187,,,,,
5813,10.2,3.187,,,,,
5815,10.2,3.187,,,,,
5817,10.2,3.186,,,,,
5819,10.2,3.187,,,,,
5821,10.2,3.186,,,,,
5823,10.2,3.186,,,,,
5825,10.2,3.186,,,,,
5827,10.2,3.186,,,,,
5829,10.2,3.186,,,,,
5831,10.2,3.186,,,,,
5833,10.2,3.186,,,,,
5835,10.2,3.186,,,,,
5837,10.2,3.186,,,,,
5839,10.2,3.186,,,,,
5841,10.2,3.186,,,,,
5843,10.2,3.186,,,,,
5845,10.2,3.186,,,,,
5847,10.2,3.186,,,,,
5849,10.2,3.185,,,,,
5851,10.2,3.185,,,,,
5853,10.2,3.185,,,,,
5855,10.2,3.185,,,,,
5857,10.2,3.184,,,,,
5859,10.2,3.184,,,,,
5861,10.2,3.184,,,,,
5863,10.2,3.184,,,,,
5865,10.2,3.184,,,,,
5867,10.2,3.184,,,,,
5869,10.2,3.184,,,,,
5871,10.2,3.184,,,,,
5873,10.2,3.184,,,,,
5875,10.2,3.183,,,,,
5877,10.2,3.183,,,,,
5879,10.2,3.183,,,,,
5881,10.2,3.183,,,,,
5883,10.2,3.183,,,,,
5885,10.2,3.183,,,,,
5887,10.2,3.182,,,,,
5889,10.2,3.182,,,,,
5891,10.2,3.182,,,,,
5893,10.2,3.182,,,,,
5895,10.2,3.182,,,,,
5897,10.2,3.182,,,,,
5899,10.2,3.182,,,,,
5901,10.2,3.182,,,,,
5903,10.2,3.181,,,,,
5905,10.2,3.181,,,,,
5907,10.2,3.181,,,,,
5909,10.2,3.181,,,,,
5911,10.2,3.181,,,,,
5913,10.2,3.181,,,,,
5915,10.2,3.18,,,,,
5917,10.2,3.18,,,,,
5919,10.2,3.18,,,,,
5921,10.2,3.18,,,,,
5923,10.2,3.18,,,,,
5925,10.2,3.18,,,,,
5927,10.2,3.18,,,,,
5929,10.2,3.18,,,,,
5931,10.2,3.18,,,,,
5933,10.2,3.18,,,,,
5935,10.2,3.18,,,,,
5937,10.2,3.18,,,,,
5939,10.2,3.18,,,,,
5941,10.2,3.18,,,,,
5943,10.2,3.18,,,,,
5945,10.2,3.18,,,,,
5947,10.2,3.18,,,,,
5949,10.2,3.18,,,,,
5951,10.2,3.18,,,,,
5953,10.2,3.18,,,,,
5955,10.2,3.18,,,,,
5957,10.2,3.18,,,,,
5959,10.2,3.179,,,,,
5961,10.2,3.179,,,,,
5963,10.2,3.179,,,,,
5965,10.2,3.179,,,,,
5967,10.2,3.179,,,,,
5969,10.2,3.179,,,,,
5971,10.2,3.179,,,,,
5973,10.2,3.179,,,,,
5975,10.2,3.179,,,,,
5977,10.2,3.179,,,,,
5979,10.2,3.179,,,,,
5981,10.2,3.179,,,,,
5983,10.2,3.179,,,,,
5985,10.2,3.178,,,,,
5987,10.2,3.178,,,,,
5989,10.2,3.178,,,,,
5991,10.2,3.178,,,,,
5993,10.2,3.178,,,,,
5995,10.2,3.178,,,,,
5997,10.2,3.177,,,,,
5999,10.2,3.177,,,,,
6001,10.2,3.177,,,,,
6003,10.2,3.177,,,,,
6005,10.2,3.176,,,,,
6007,10.2,3.176,,,,,
6009,10.2,3.176,,,,,
6011,10.2,3.176,,,,,
6013,10.2,3.176,,,,,
6015,10.2,3.176,,,,,
6017,10.2,3.175,,,,,
6019,10.2,3.175,,,,,
6021,10.2,3.175,,,,,
6023,10.2,3.175,,,,,
6025,10.2,3.175,,,,,
6027,10.2,3.175,,,,,
6029,10.2,3.175,,,,,
6031,10.2,3.175,,,,,
6033,10.2,3.174,,,,,
6035,10.2,3.174,,,,,
6037,10.2,3.174,,,,,
6039,10.2,3.175,,,,,
6041,10.2,3.174,,,,,
6043,10.2,3.174,,,,,
6045,10.2,3.174,,,,,
6047,10.2,3.174,,,,,
6049,10.2,3.174,,,,,
6051,10.2,3.174,,,,,
6053,10.2,3.174,,,,,
6055,10.2,3.174,,,,,
6057,10.2,3.174,,,,,
6059,10.2,3.174,,,,,
6061,10.2,3.174,,,,,
6063,10.2,3.174,,,,,
6065,10.2,3.174,,,,,
6067,10.2,3.174,,,,,
6069,10.2,3.173,,,,,
6071,10.2,3.173,,,,,
6073,10.2,3.173,,,,,
6075,10.2,3.173,,,,,
6077,10.2,3.173,,,,,
6079,10.2,3.173,,,,,
6081,10.2,3.173,,,,,
6083,10.2,3.173,,,,,
6085,10.2,3.173,,,,,
6087,10.2,3.173,,,,,
6089,10.2,3.173,,,,,
6091,10.2,3.173,,,,,
6093,10.2,3.173,,,,,
6095,10.2,3.173,,,,,
6097,10.2,3.173,,,,,
6099,10.2,3.173,,,,,
6101,10.2,3.173,,,,,
6103,10.2,3.173,,,,,
6105,10.2,3.173,,,,,
6107,10.2,3.173,,,,,
6109,10.2,3.173,,,,,
6111,10.2,3.173,,,,,
6113,10.2,3.173,,,,,
6115,10.2,3.173,,,,,
6117,10.2,3.173,,,,,
6119,10.2,3.173,,,,,
6121,10.2,3.172,,,,,
6123,10.2,3.172,,,,,
6125,10.2,3.172,,,,,
6127,10.2,3.172,,,,,
6129,10.2,3.172,,,,,
6131,10.2,3.172,,,,,
6133,10.2,3.172,,,,,
6135,10.2,3.172,,,,,
6137,10.2,3.172,,,,,
6139,10.2,3.172,,,,,
6141,10.2,3.172,,,,,
6143,10.2,3.172,,,,,
6145,10.2,3.172,,,,,
6147,10.2,3.172,,,,,
6149,10.2,3.172,,,,,
6151,10.2,3.172,,,,,
6153,10.2,3.172,,,,,
6155,10.2,3.172,,,,,
6157,10.2,3.172,,,,,
6159,10.2,3.172,,,,,
6161,10.2,3.172,,,,,
6163,10.2,3.172,,,,,
6165,10.2,3.171,,,,,
6167,10.2,3.171,,,,,
6169,10.2,3.171,,,,,
6171,10.2,3.171,,,,,
6173,10.2,3.171,,,,,
6175,10.2,3.17,,,,,
6177,10.2,3.17,,,,,
6179,10.2,3.17,,,,,
6181,10.2,3.17,,,,,
6183,10.2,3.17,,,,,
6185,10.2,3.17,,,,,
6187,10.2,3.169,,,,,
6189,10.2,3.169,,,,,
6191,10.2,3.169,,,,,
6193,10.2,3.169,,,,,
6195,10.2,3.169,,,,,
6197,10.2,3.168,,,,,
6199,10.2,3.168,,,,,
6201,10.2,3.169,,,,,
6203,10.2,3.168,,,,,
6205,10.2,3.168,,,,,
6207,10.2,3.168,,,,,
6209,10.2,3.168,,,,,
6211,10.2,3.168,,,,,
6213,10.2,3.168,,,,,
6215,10.2,3.168,,,,,
6217,10.2,3.167,,,,,
6219,10.2,3.167,,,,,
6221,10.2,3.167,,,,,
6223,10.2,3.167,,,,,
6225,10.2,3.167,,,,,
6227,10.2,3.166,,,,,
6229,10.2,3.167,,,,,
6231,10.2,3.166,,,,,
6233,10.2,3.166,,,,,
6235,10.2,3.166,,,,,
6237,10.2,3.166,,,,,
6239,10.2,3.166,,,,,
6241,10.2,3.166,,,,,
6243,10.2,3.166,,,,,
6245,10.2,3.166,,,,,
6247,10.2,3.165,,,,,
6249,10.2,3.165,,,,,
6251,10.2,3.165,,,,,
6253,10.2,3.165,,,,,
6255,10.2,3.165,,,,,
6257,10.2,3.165,,,,,
6259,10.2,3.165,,,,,
6261,10.2,3.165,,,,,
6263,10.2,3.165,,,,,
6265,10.2,3.165,,,,,
6267,10.2,3.165,,,,,
6269,10.2,3.165,,,,,
6271,10.2,3.165,,,,,
6273,10.2,3.165,,,,,
6275,10.2,3.165,,,,,
6277,10.2,3.165,,,,,
6279,10.2,3.165,,,,,
6281,10.2,3.165,,,,,
6283,10.2,3.165,,,,,
6285,10.2,3.164,,,,,
6287,10.2,3.165,,,,,
6289,10.2,3.165,,,,,
6291,10.2,3.165,,,,,
6293,10.2,3.164,,,,,
6295,10.2,3.164,,,,,
6297,10.2,3.164,,,,,
6299,10.2,3.164,,,,,
6301,10.2,3.164,,,,,
6303,10.2,3.164,,,,,
6305,10.2,3.164,,,,,
6307,10.2,3.164,,,,,
6309,10.2,3.164,,,,,
6311,10.2,3.164,,,,,
6313,10.2,3.164,,,,,
6315,10.2,3.164,,,,,
6317,10.2,3.164,,,,,
6319,10.2,3.163,,,,,
6321,10.2,3.163,,,,,
6323,10.2,3.163,,,,,
6325,10.2,3.163,,,,,
6327,10.2,3.163,,,,,
6329,10.2,3.163,,,,,
6331,10.2,3.163,,,,,
6333,10.2,3.163,,,,,
6335,10.2,3.163,,,,,
6337,10.2,3.163,,,,,
6339,10.2,3.163,,,,,
6341,10.2,3.162,,,,,
6343,10.2,3.162,,,,,
6345,10.2,3.162,,,,,
6347,10.2,3.162,,,,,
6349,10.2,3.161,,,,,
6351,10.2,3.161,,,,,
6353,10.2,3.161,,,,,
6355,10.2,3.161,,,,,
6357,10.2,3.161,,,,,
6359,10.2,3.161,,,,,
6361,10.2,3.161,,,,,
6363,10.2,3.161,,,,,
6365,10.2,3.161,,,,,
6367,10.2,3.161,,,,,
6369,10.2,3.16,,,,,
6371,10.2,3.16,,,,,
6373,10.2,3.16,,,,,
6375,10.2,3.16,,,,,
6377,10.2,3.16,,,,,
6379,10.2,3.159,,,,,
6381,10.2,3.159,,,,,
6383,10.2,3.159,,,,,
6385,10.2,3.159,,,,,
6387,10.2,3.159,,,,,
6389,10.2,3.159,,,,,
6391,10.2,3.159,,,,,
6393,10.2,3.158,,,,,
6395,10.2,3.158,,,,,
6397,10.2,3.158,,,,,
6399,10.2,3.158,,,,,
6401,10.2,3.158,,,,,
6403,10.2,3.158,,,,,
6405,10.2,3.158,,,,,
6407,10.2,3.158,,,,,
6409,10.2,3.158,,,,,
6411,10.2,3.158,,,,,
6413,10.2,3.158,,,,,
6415,10.2,3.158,,,,,
6417,10.2,3.158,,,,,
6419,10.2,3.158,,,,,
6421,10.2,3.158,,,,,
6423,10.2,3.158,,,,,
6425,10.2,3.158,,,,,
6427,10.2,3.158,,,,,
6429,10.2,3.158,,,,,
6431,10.2,3.158,,,,,
6433,10.2,3.158,,,,,
6435,10.2,3.157,,,,,
6437,10.2,3.157,,,,,
6439,10.2,3.157,,,,,
6441,10.2,3.157,,,,,
6443,10.2,3.157,,,,,
6445,10.2,3.157,,,,,
6447,10.2,3.157,,,,,
6449,10.2,3.157,,,,,
6451,10.2,3.157,,,,,
6453,10.2,3.157,,,,,
6455,10.2,3.157,,,,,
6457,10.2,3.157,,,,,
6459,10.2,3.157,,,,,
6461,10.2,3.157,,,,,
6463,10.2,3.157,,,,,
6465,10.2,3.156,,,,,
6467,10.2,3.156,,,,,
6469,10.2,3.156,,,,,
6471,10.2,3.156,,,,,
6473,10.2,3.156,,,,,
6475,10.2,3.155,,,,,
6477,10.2,3.155,,,,,
6479,10.2,3.155,,,,,
6481,10.2,3.155,,,,,
6483,10.2,3.154,,,,,
6485,10.2,3.154,,,,,
6487,10.2,3.154,,,,,
6489,10.2,3.154,,,,,
6491,10.2,3.153,,,,,
6493,10.2,3.153,,,,,
6495,10.2,3.153,,,,,
6497,10.2,3.153,,,,,
6501,10.2,3.153,,,,,
6503,10.2,3.153,,,,,
6505,10.2,3.153,,,,,
6507,10.2,3.153,,,,,
6509,10.2,3.153,,,,,
6511,10.2,3.153,,,,,
6513,10.2,3.153,,,,,
6515,10.2,3.153,,,,,
6517,10.2,3.153,,,,,
6519,10.2,3.153,,,,,
6521,10.2,3.153,,,,,
6523,10.2,3.152,,,,,
6525,10.2,3.152,,,,,
6527,10.2,3.152,,,,,
6529,10.2,3.152,,,,,
6531,10.2,3.152,,,,,
6533,10.2,3.152,,,,,
6535,10.2,3.151,,,,,
6537,10.2,3.151,,,,,
6539,10.2,3.151,,,,,
6541,10.2,3.151,,,,,
6543,10.2,3.151,,,,,
6545,10.2,3.151,,,,,
6547,10.2,3.151,,,,,
6549,10.2,3.151,,,,,
6551,10.2,3.151,,,,,
6553,10.2,3.151,,,,,
6555,10.2,3.151,,,,,
6557,10.2,3.151,,,,,
6559,10.2,3.151,,,,,
6561,10.2,3.151,,,,,
6563,10.2,3.151,,,,,
6565,10.2,3.151,,,,,
6567,10.2,3.151,,,,,
6569,10.2,3.151,,,,,
6571,10.2,3.15,,,,,
6575,10.2,3.15,,,,,
6577,10.2,3.15,,,,,
6579,10.2,3.15,,,,,
6581,10.2,3.15,,,,,
6583,10.2,3.15,,,,,
6585,10.2,3.15,,,,,
6587,10.2,3.15,,,,,
6589,10.2,3.15,,,,,
6591,10.2,3.149,,,,,
6593,10.2,3.149,,,,,
6595,10.2,3.149,,,,,
6597,10.2,3.149,,,,,
6599,10.2,3.149,,,,,
6601,10.2,3.148,,,,,
6603,10.2,3.148,,,,,
6605,10.2,3.148,,,,,
6607,10.2,3.148,,,,,
6609,10.2,3.148,,,,,
6611,10.2,3.147,,,,,
6613,10.2,3.147,,,,,
6615,10.2,3.147,,,,,
6617,10.2,3.147,,,,,
6619,10.2,3.147,,,,,
6621,10.2,3.146,,,,,
6623,10.2,3.146,,,,,
6625,10.2,3.146,,,,,
6627,10.2,3.146,,,,,
6629,10.2,3.146,,,,,
6631,10.2,3.146,,,,,
6633,10.2,3.146,,,,,
6635,10.2,3.146,,,,,
6637,10.2,3.146,,,,,
6639,10.2,3.146,,,,,
6641,10.2,3.145,,,,,
6643,10.2,3.145,,,,,
6645,10.2,3.145,,,,,
6647,10.2,3.145,,,,,
6649,10.2,3.145,,,,,
6651,10.2,3.145,,,,,
6653,10.2,3.145,,,,,
6655,10.2,3.145,,,,,
6657,10.2,3.144,,,,,
6661,10.2,3.144,,,,,
6663,10.2,3.144,,,,,
6665,10.2,3.144,,,,,
6665,10.2,3.144,,,,,
6665,10.2,3.144,,,,,
6667,0,3.173,,,,,
6668,6,3.158,,,,,
6670,6,3.158,,,,,
6672,6,3.158,,,,,
6674,6,3.158,,,,,
6678,6,3.158,,,,,
6680,6,3.159,,,,,
6682,6,3.159,,,,,
6684,6,3.159,,,,,
6686,6,3.16,,,,,
6688,6,3.16,,,,,
6690,6,3.161,,,,,
6692,6,3.162,,,,,
6694,6,3.162,,,,,
6696,6,3.163,,,,,
6698,6,3.163,,,,,
6700,6,3.163,,,,,
6702,6,3.163,,,,,
6704,6,3.163,,,,,
6706,6,3.164,,,,,
6708,6,3.164,,,,,
6710,6,3.164,,,,,
6712,6,3.164,,,,,
6714,6,3.164,,,,,
6716,6,3.164,,,,,
6718,6,3.164,,,,,
6720,6,3.164,,,,,
6722,6,3.164,,,,,
6724,6,3.164,,,,,
6726,6,3.164,,,,,
6728,6,3.164,,,,,
6730,6,3.164,,,,,
6732,6,3.164,,,,,
6734,6,3.164,,,,,
6736,6,3.164,,,,,
6738,6,3.164,,,,,
6740,6,3.164,,,,,
6742,6,3.164,,,,,
6744,6,3.164,,,,,
6746,6,3.164,,,,,
6748,6,3.164,,,,,
6750,6,3.164,,,,,
6752,6,3.164,,,,,
6754,6,3.164,,,,,
6756,6,3.164,,,,,
6758,6,3.164,,,,,
6760,6,3.164,,,,,
6762,6,3.164,,,,,
6764,6,3.164,,,,,
6766,6,3.164,,,,,
6768,6,3.164,,,,,
6770,6,3.164,,,,,
6772,6,3.164,,,,,
6774,6,3.164,,,,,
6776,6,3.164,,,,,
6778,6,3.164,,,,,
6780,6,3.164,,,,,
6782,6,3.164,,,,,
6784,6,3.164,,,,,
6786,6,3.164,,,,,
6788,6,3.164,,,,,
6790,6,3.164,,,,,
6792,6,3.164,,,,,
6794,6,3.164,,,,,
6796,6,3.164,,,,,
6798,6,3.164,,,,,
6800,6,3.164,,,,,
6802,6,3.164,,,,,
6804,6,3.164,,,,,
6806,6,3.164,,,,,
6808,6,3.164,,,,,
6810,6,3.164,,,,,
6812,6,3.164,,,,,
6814,6,3.163,,,,,
6816,6,3.164,,,,,
6818,6,3.164,,,,,
6820,6,3.163,,,,,
6822,6,3.163,,,,,
6824,6,3.163,,,,,
6826,6,3.163,,,,,
6828,6,3.163,,,,,
6830,6,3.163,,,,,
6832,6,3.163,,,,,
6834,6,3.163,,,,,
6836,6,3.163,,,,,
6838,6,3.163,,,,,
6840,6,3.163,,,,,
6842,6,3.163,,,,,
6844,6,3.163,,,,,
6846,6,3.163,,,,,
6848,6,3.163,,,,,
6850,6,3.163,,,,,
6852,6,3.163,,,,,
6854,6,3.163,,,,,
6856,6,3.163,,,,,
6858,6,3.162,,,,,
6860,6,3.162,,,,,
6862,6,3.162,,,,,
6864,6,3.162,,,,,
6866,6,3.162,,,,,
6868,6,3.162,,,,,
6870,6,3.162,,,,,
6872,6,3.162,,,,,
6874,6,3.161,,,,,
6876,6,3.161,,,,,
6878,6,3.161,,,,,
6880,6,3.161,,,,,
6882,6,3.161,,,,,
6884,6,3.161,,,,,
6886,6,3.161,,,,,
6888,6,3.161,,,,,
6890,6,3.161,,,,,
6892,6,3.161,,,,,
6894,6,3.161,,,,,
6896,6,3.161,,,,,
6898,6,3.16,,,,,
6900,6,3.16,,,,,
6902,6,3.16,,,,,
6904,6,3.16,,,,,
6906,6,3.16,,,,,
6908,6,3.16,,,,,
6910,6,3.16,,,,,
6912,6,3.16,,,,,
6914,6,3.16,,,,,
6916,6,3.16,,,,,
6918,6,3.159,,,,,
6920,6,3.159,,,,,
6922,6,3.159,,,,,
6924,6,3.159,,,,,
6926,6,3.159,,,,,
6928,6,3.159,,,,,
6930,6,3.159,,,,,
6932,6,3.159,,,,,
6934,6,3.159,,,,,
6936,6,3.159,,,,,
6938,6,3.159,,,,,
6940,6,3.159,,,,,
6942,6,3.159,,,,,
6944,6,3.159,,,,,
6946,6,3.159,,,,,
6948,6,3.159,,,,,
6950,6,3.158,,,,,
6952,6,3.158,,,,,
6954,6,3.158,,,,,
6956,6,3.158,,,,,
6958,6,3.158,,,,,
6960,6,3.158,,,,,
6962,6,3.158,,,,,
6966,6,3.158,,,,,
6968,6,3.158,,,,,
6970,6,3.158,,,,,
6972,6,3.158,,,,,
6974,6,3.158,,,,,
6976,6,3.158,,,,,
6978,6,3.158,,,,,
6980,6,3.158,,,,,
6982,6,3.158,,,,,
6984,6,3.158,,,,,
6986,6,3.158,,,,,
6988,6,3.158,,,,,
6990,6,3.158,,,,,
6992,6,3.158,,,,,
6994,6,3.158,,,,,
6996,6,3.158,,,,,
6998,6,3.158,,,,,
7000,6,3.158,,,,,
7002,6,3.158,,,,,
7004,6,3.158,,,,,
7006,6,3.158,,,,,
7008,6,3.158,,,,,
7010,6,3.158,,,,,
7012,6,3.158,,,,,
7014,6,3.158,,,,,
7016,6,3.158,,,,,
7018,6,3.158,,,,,
7020,6,3.158,,,,,
7022,6,3.158,,,,,
7024,6,3.158,,,,,
7026,6,3.158,,,,,
7028,6,3.158,,,,,
7030,6,3.158,,,,,
7032,6,3.158,,,,,
7034,6,3.158,,,,,
7036,6,3.158,,,,,
7038,6,3.158,,,,,
7040,6,3.158,,,,,
7042,6,3.158,,,,,
7044,6,3.158,,,,,
7046,6,3.158,,,,,
7048,6,3.158,,,,,
7050,6,3.158,,,,,
7052,6,3.158,,,,,
7054,6,3.158,,,,,
7056,6,3.158,,,,,
7058,6,3.158,,,,,
7060,6,3.158,,,,,
7062,6,3.158,,,,,
7064,6,3.158,,,,,
7066,6,3.158,,,,,
7068,6,3.158,,,,,
7070,6,3.158,,,,,
7072,6,3.158,,,,,
7074,6,3.158,,,,,
7076,6,3.158,,,,,
7078,6,3.158,,,,,
7080,6,3.158,,,,,
7082,6,3.158,,,,,
7084,6,3.158,,,,,
7086,6,3.158,,,,,
7088,6,3.158,,,,,
7090,6,3.158,,,,,
7092,6,3.158,,,,,
7094,6,3.158,,,,,
7096,6,3.158,,,,,
7098,6,3.158,,,,,
7100,6,3.158,,,,,
7102,6,3.158,,,,,
7104,6,3.158,,,,,
7106,6,3.158,,,,,
7108,6,3.158,,,,,
7110,6,3.158,,,,,
7112,6,3.158,,,,,
7114,6,3.158,,,,,
7116,6,3.158,,,,,
7118,6,3.158,,,,,
7120,6,3.158,,,,,
7122,6,3.158,,,,,
7124,6,3.158,,,,,
7126,6,3.158,,,,,
7128,6,3.158,,,,,
7130,6,3.158,,,,,
7132,6,3.158,,,,,
7134,6,3.158,,,,,
7136,6,3.158,,,,,
7138,6,3.158,,,,,
7140,6,3.158,,,,,
7142,6,3.158,,,,,
7144,6,3.158,,,,,
7146,6,3.158,,,,,
7148,6,3.158,,,,,
7150,6,3.158,,,,,
7152,6,3.158,,,,,
7154,6,3.158,,,,,
7156,6,3.158,,,,,
7158,6,3.158,,,,,
7160,6,3.158,,,,,
7162,6,3.158,,,,,
7164,6,3.157,,,,,
7166,6,3.158,,,,,
7168,6,3.158,,,,,
7170,6,3.158,,,,,
7172,6,3.158,,,,,
7174,6,3.158,,,,,
7176,6,3.158,,,,,
7178,6,3.157,,,,,
7180,6,3.158,,,,,
7182,6,3.158,,,,,
7184,6,3.158,,,,,
7186,6,3.158,,,,,
7188,6,3.158,,,,,
7190,6,3.157,,,,,
7192,6,3.158,,,,,
7194,6,3.158,,,,,
7196,6,3.157,,,,,
7198,6,3.157,,,,,
7200,6,3.157,,,,,
7202,6,3.158,,,,,
7204,6,3.157,,,,,
7206,6,3.157,,,,,
7208,6,3.158,,,,,
7210,6,3.158,,,,,
7212,6,3.157,,,,,
7214,6,3.157,,,,,
7216,6,3.157,,,,,
7218,6,3.157,,,,,
7220,6,3.157,,,,,
7222,6,3.157,,,,,
7224,6,3.157,,,,,
7226,6,3.157,,,,,
7228,6,3.157,,,,,
7230,6,3.157,,,,,
7232,6,3.157,,,,,
7234,6,3.157,,,,,
7236,6,3.157,,,,,
7238,6,3.157,,,,,
7240,6,3.157,,,,,
7242,6,3.157,,,,,
7244,6,3.157,,,,,
7246,6,3.157,,,,,
7250,6,3.157,,,,,
7252,6,3.157,,,,,
7254,6,3.157,,,,,
7256,6,3.157,,,,,
7258,6,3.157,,,,,
7260,6,3.157,,,,,
7262,6,3.157,,,,,
7264,6,3.157,,,,,
7266,6,3.157,,,,,
7268,6,3.157,,,,,
7270,6,3.157,,,,,
7272,6,3.157,,,,,
7274,6,3.157,,,,,
7276,6,3.157,,,,,
7278,6,3.157,,,,,
7280,6,3.157,,,,,
7282,6,3.157,,,,,
7284,6,3.157,,,,,
7286,6,3.157,,,,,
7288,6,3.157,,,,,
7290,6,3.157,,,,,
7292,6,3.157,,,,,
7294,6,3.157,,,,,
7296,6,3.157,,,,,
7298,6,3.157,,,,,
7300,6,3.157,,,,,
7302,6,3.157,,,,,
7304,6,3.157,,,,,
7306,6,3.157,,,,,
7308,6,3.157,,,,,
7310,6,3.157,,,,,
7312,6,3.157,,,,,
7314,6,3.156,,,,,
7316,6,3.156,,,,,
7318,6,3.156,,,,,
7320,6,3.156,,,,,
7322,6,3.156,,,,,
7324,6,3.156,,,,,
7326,6,3.156,,,,,
7328,6,3.156,,,,,
7330,6,3.155,,,,,
7332,6,3.155,,,,,
7334,6,3.155,,,,,
7336,6,3.155,,,,,
7338,6,3.155,,,,,
7340,6,3.155,,,,,
7342,6,3.155,,,,,
7344,6,3.155,,,,,
7346,6,3.154,,,,,
7348,6,3.154,,,,,
7350,6,3.154,,,,,
7352,6,3.154,,,,,
7354,6,3.154,,,,,
7356,6,3.154,,,,,
7358,6,3.154,,,,,
7360,6,3.153,,,,,
7362,6,3.153,,,,,
7364,6,3.153,,,,,
7366,6,3.153,,,,,
7368,6,3.153,,,,,
7370,6,3.153,,,,,
7372,6,3.153,,,,,
7374,6,3.153,,,,,
7376,6,3.153,,,,,
7378,6,3.153,,,,,
7380,6,3.153,,,,,
7382,6,3.153,,,,,
7384,6,3.153,,,,,
7386,6,3.153,,,,,
7388,6,3.153,,,,,
7390,6,3.153,,,,,
7392,6,3.153,,,,,
7394,6,3.152,,,,,
7398,6,3.152,,,,,
7400,6,3.152,,,,,
7402,6,3.152,,,,,
7404,6,3.152,,,,,
7406,6,3.152,,,,,
7408,6,3.152,,,,,
7410,6,3.152,,,,,
7412,6,3.152,,,,,
7414,6,3.152,,,,,
7416,6,3.152,,,,,
7420,6,3.151,,,,,
7422,6,3.151,,,,,
7424,6,3.151,,,,,
7426,6,3.151,,,,,
7428,6,3.151,,,,,
7430,6,3.151,,,,,
7432,6,3.151,,,,,
7434,6,3.151,,,,,
7436,6,3.151,,,,,
7438,6,3.151,,,,,
7440,6,3.151,,,,,
7442,6,3.151,,,,,
7444,6,3.151,,,,,
7446,6,3.151,,,,,
7448,6,3.151,,,,,
7450,6,3.151,,,,,
7452,6,3.151,,,,,
7454,6,3.151,,,,,
7456,6,3.151,,,,,
7458,6,3.151,,,,,
7460,6,3.151,,,,,
7462,6,3.151,,,,,
7464,6,3.151,,,,,
7466,6,3.151,,,,,
7468,6,3.151,,,,,
7470,6,3.151,,,,,
7472,6,3.151,,,,,
7474,6,3.151,,,,,
7476,6,3.151,,,,,
7478,6,3.151,,,,,
7480,6,3.151,,,,,
7482,6,3.151,,,,,
7484,6,3.151,,,,,
7486,6,3.151,,,,,
7488,6,3.151,,,,,
7490,6,3.151,,,,,
7492,6,3.151,,,,,
7494,6,3.151,,,,,
7496,6,3.151,,,,,
7498,6,3.151,,,,,
7500,6,3.151,,,,,
7502,6,3.151,,,,,
7504,6,3.151,,,,,
7506,6,3.151,,,,,
7508,6,3.151,,,,,
7510,6,3.151,,,,,
7512,6,3.151,,,,,
7514,6,3.151,,,,,
7516,6,3.151,,,,,
7518,6,3.151,,,,,
7520,6,3.151,,,,,
7522,6,3.151,,,,,
7524,6,3.151,,,,,
7526,6,3.151,,,,,
7528,6,3.151,,,,,
7530,6,3.15,,,,,
7532,6,3.151,,,,,
7534,6,3.151,,,,,
7536,6,3.15,,,,,
7538,6,3.151,,,,,
7540,6,3.15,,,,,
7542,6,3.151,,,,,
7544,6,3.15,,,,,
7546,6,3.15,,,,,
7548,6,3.15,,,,,
7550,6,3.15,,,,,
7552,6,3.15,,,,,
7554,6,3.15,,,,,
7556,6,3.15,,,,,
7558,6,3.15,,,,,
7560,6,3.15,,,,,
7564,6,3.15,,,,,
7566,6,3.15,,,,,
7568,6,3.15,,,,,
7570,6,3.15,,,,,
7572,6,3.15,,,,,
7574,6,3.15,,,,,
7576,6,3.15,,,,,
7578,6,3.15,,,,,
7580,6,3.149,,,,,
7582,6,3.149,,,,,
7584,6,3.149,,,,,
7586,6,3.148,,,,,
7588,6,3.148,,,,,
7590,6,3.148,,,,,
7592,6,3.148,,,,,
7594,6,3.148,,,,,
7596,6,3.147,,,,,
7598,6,3.147,,,,,
7600,6,3.147,,,,,
7602,6,3.146,,,,,
7604,6,3.146,,,,,
7606,6,3.146,,,,,
7608,6,3.146,,,,,
7610,6,3.145,,,,,
7612,6,3.145,,,,,
7614,6,3.145,,,,,
7616,6,3.145,,,,,
7618,6,3.145,,,,,
7620,6,3.144,,,,,
7622,6,3.144,,,,,
7624,6,3.144,,,,,
7626,6,3.144,,,,,
7628,6,3.144,,,,,
7630,6,3.143,,,,,
7632,6,3.143,,,,,
7634,6,3.143,,,,,
7636,6,3.143,,,,,
7638,6,3.143,,,,,
7640,6,3.143,,,,,
7642,6,3.143,,,,,
7644,6,3.143,,,,,
7646,6,3.143,,,,,
7648,6,3.143,,,,,
7650,6,3.143,,,,,
7652,6,3.143,,,,,
7654,6,3.143,,,,,
7656,6,3.143,,,,,
7658,6,3.143,,,,,
7660,6,3.143,,,,,
7662,6,3.143,,,,,
7664,6,3.143,,,,,
7666,6,3.143,,,,,
7668,6,3.143,,,,,
7670,6,3.143,,,,,
7672,6,3.143,,,,,
7674,6,3.143,,,,,
7676,6,3.143,,,,,
7678,6,3.143,,,,,
7680,6,3.143,,,,,
7682,6,3.143,,,,,
7684,6,3.143,,,,,
7686,6,3.143,,,,,
7688,6,3.143,,,,,
7690,6,3.143,,,,,
7692,6,3.143,,,,,
7694,6,3.143,,,,,
7696,6,3.143,,,,,
7698,6,3.143,,,,,
7700,6,3.143,,,,,
7702,6,3.143,,,,,
7704,6,3.143,,,,,
7706,6,3.143,,,,,
7708,6,3.143,,,,,
7710,6,3.143,,,,,
7712,6,3.143,,,,,
7714,6,3.143,,,,,
7716,6,3.143,,,,,
7718,6,3.143,,,,,
7720,6,3.143,,,,,
7722,6,3.143,,,,,
7724,6,3.143,,,,,
7726,6,3.143,,,,,
7728,6,3.143,,,,,
7730,6,3.143,,,,,
7732,6,3.143,,,,,
7734,6,3.143,,,,,
7736,6,3.143,,,,,
7738,6,3.143,,,,,
7740,6,3.143,,,,,
7742,6,3.143,,,,,
7744,6,3.142,,,,,
7746,6,3.142,,,,,
7748,6,3.141,,,,,
7750,6,3.141,,,,,
7752,6,3.14,,,,,
7754,6,3.14,,,,,
7756,6,3.14,,,,,
7760,6,3.138,,,,,
7762,6,3.138,,,,,
7764,6,3.138,,,,,
7772,6,3.136,,,,,
7774,6,3.136,,,,,
7776,6,3.136,,,,,
7778,6,3.136,,,,,
7780,6,3.136,,,,,
7782,6,3.136,,,,,
7784,6,3.136,,,,,
7786,6,3.136,,,,,
7788,6,3.136,,,,,
7790,6,3.136,,,,,
7792,6,3.136,,,,,
7794,6,3.136,,,,,
7796,6,3.136,,,,,
7798,6,3.136,,,,,
7800,6,3.136,,,,,
7802,6,3.136,,,,,
7804,6,3.136,,,,,
7806,6,3.136,,,,,
7808,6,3.136,,,,,
7810,6,3.136,,,,,
7812,6,3.136,,,,,
7814,6,3.136,,,,,
7816,6,3.135,,,,,
7818,6,3.135,,,,,
7820,6,3.135,,,,,
7822,6,3.135,,,,,
7824,6,3.135,,,,,
7826,6,3.135,,,,,
7828,6,3.135,,,,,
7830,6,3.135,,,,,
7832,6,3.135,,,,,
7834,6,3.135,,,,,
7836,6,3.134,,,,,
7838,6,3.133,,,,,
7840,6,3.133,,,,,
7842,6,3.133,,,,,
7844,6,3.132,,,,,
7848,6,3.131,,,,,
7850,6,3.131,,,,,
7852,6,3.13,,,,,
7854,6,3.13,,,,,
7856,6,3.129,,,,,
7858,6,3.129,,,,,
7860,6,3.129,,,,,
7862,6,3.129,,,,,
7864,6,3.129,,,,,
7866,6,3.129,,,,,
7868,6,3.129,,,,,
7870,6,3.129,,,,,
7872,6,3.129,,,,,
7874,6,3.129,,,,,
7876,6,3.129,,,,,
7878,6,3.129,,,,,
7880,6,3.129,,,,,
7882,6,3.129,,,,,
7884,6,3.129,,,,,
7886,6,3.129,,,,,
7888,6,3.128,,,,,
7890,6,3.128,,,,,
7892,6,3.129,,,,,
7894,6,3.128,,,,,
7896,6,3.128,,,,,
7898,6,3.128,,,,,
7900,6,3.128,,,,,
7902,6,3.128,,,,,
7904,6,3.128,,,,,
7906,6,3.128,,,,,
7908,6,3.127,,,,,
7910,6,3.126,,,,,
7912,6,3.125,,,,,
7914,6,3.124,,,,,
7916,6,3.123,,,,,
7918,6,3.123,,,,,
7920,6,3.122,,,,,
7922,6,3.122,,,,,
7924,6,3.122,,,,,
7926,6,3.122,,,,,
7928,6,3.122,,,,,
7930,6,3.122,,,,,
7932,6,3.122,,,,,
7934,6,3.122,,,,,
7936,6,3.122,,,,,
7938,6,3.122,,,,,
7940,6,3.122,,,,,
7942,6,3.122,,,,,
7944,6,3.122,,,,,
7946,6,3.121,,,,,
7948,6,3.121,,,,,
7950,6,3.122,,,,,
7952,6,3.121,,,,,
7954,6,3.121,,,,,
7956,6,3.121,,,,,
7958,6,3.121,,,,,
7960,6,3.121,,,,,
7962,6,3.12,,,,,
7964,6,3.119,,,,,
7966,6,3.118,,,,,
7968,6,3.117,,,,,
7970,6,3.116,,,,,
7972,6,3.116,,,,,
7974,6,3.115,,,,,
7976,6,3.114,,,,,
7978,6,3.114,,,,,
7980,6,3.114,,,,,
7982,6,3.114,,,,,
7984,6,3.114,,,,,
7986,6,3.114,,,,,
7988,6,3.114,,,,,
7990,6,3.114,,,,,
7992,6,3.114,,,,,
7994,6,3.114,,,,,
7996,6,3.114,,,,,
7998,6,3.113,,,,,
8000,6,3.114,,,,,
8002,6,3.113,,,,,
8004,6,3.113,,,,,
8006,6,3.113,,,,,
8008,6,3.113,,,,,
8010,6,3.113,,,,,
8012,6,3.112,,,,,
8014,6,3.112,,,,,
8016,6,3.111,,,,,
8018,6,3.11,,,,,
8020,6,3.109,,,,,
8022,6,3.108,,,,,
8024,6,3.107,,,,,
8026,6,3.107,,,,,
8028,6,3.107,,,,,
8030,6,3.107,,,,,
8032,6,3.107,,,,,
8034,6,3.107,,,,,
8036,6,3.107,,,,,
8038,6,3.107,,,,,
8040,6,3.107,,,,,
8042,6,3.107,,,,,
8044,6,3.106,,,,,
8046,6,3.106,,,,,
8048,6,3.106,,,,,
8050,6,3.106,,,,,
8052,6,3.106,,,,,
8054,6,3.105,,,,,
8056,6,3.104,,,,,
8058,6,3.103,,,,,
8060,6,3.102,,,,,
8062,6,3.101,,,,,
8064,6,3.1,,,,,
8066,6,3.1,,,,,
8068,6,3.1,,,,,
8070,6,3.1,,,,,
8072,6,3.1,,,,,
8074,6,3.1,,,,,
8076,6,3.1,,,,,
8078,6,3.1,,,,,
8080,6,3.1,,,,,
8082,6,3.1,,,,,
8084,6,3.1,,,,,
8086,6,3.099,,,,,
8088,6,3.099,,,,,
8090,6,3.099,,,,,
8092,6,3.099,,,,,
8094,6,3.097,,,,,
8096,6,3.096,,,,,
8098,6,3.095,,,,,
8100,6,3.093,,,,,
8102,6,3.093,,,,,
8104,6,3.092,,,,,
8106,6,3.092,,,,,
8108,6,3.092,,,,,
8110,6,3.092,,,,,
8112,6,3.092,,,,,
8114,6,3.092,,,,,
8116,6,3.092,,,,,
8118,6,3.091,,,,,
8120,6,3.091,,,,,
8122,6,3.091,,,,,
8124,6,3.091,,,,,
8126,6,3.091,,,,,
8128,6,3.09,,,,,
8130,6,3.088,,,,,
8132,6,3.087,,,,,
8134,6,3.086,,,,,
8136,6,3.085,,,,,
8138,6,3.085,,,,,
8140,6,3.085,,,,,
8142,6,3.085,,,,,
8144,6,3.085,,,,,
8146,6,3.085,,,,,
8148,6,3.085,,,,,
8150,6,3.085,,,,,
8152,6,3.085,,,,,
8154,6,3.084,,,,,
8156,6,3.084,,,,,
8158,6,3.084,,,,,
8160,6,3.084,,,,,
8162,6,3.083,,,,,
8164,6,3.082,,,,,
8166,6,3.081,,,,,
8168,6,3.08,,,,,
8170,6,3.079,,,,,
8172,6,3.078,,,,,
8174,6,3.078,,,,,
8176,6,3.078,,,,,
8178,6,3.078,,,,,
8180,6,3.078,,,,,
8182,6,3.078,,,,,
8184,6,3.078,,,,,
8186,6,3.078,,,,,
8188,6,3.077,,,,,
8190,6,3.077,,,,,
8192,6,3.077,,,,,
8194,6,3.076,,,,,
8196,6,3.074,,,,,
8198,6,3.072,,,,,
8200,6,3.071,,,,,
8202,6,3.071,,,,,
8204,6,3.071,,,,,
8206,6,3.071,,,,,
8208,6,3.071,,,,,
8210,6,3.071,,,,,
8212,6,3.071,,,,,
8214,6,3.071,,,,,
8216,6,3.07,,,,,
8218,6,3.07,,,,,
8220,6,3.07,,,,,
8222,6,3.07,,,,,
8224,6,3.069,,,,,
8226,6,3.067,,,,,
8228,6,3.065,,,,,
8230,6,3.064,,,,,
8232,6,3.063,,,,,
8234,6,3.063,,,,,
8236,6,3.063,,,,,
8238,6,3.063,,,,,
8240,6,3.063,,,,,
8242,6,3.063,,,,,
8244,6,3.063,,,,,
8246,6,3.062,,,,,
8248,6,3.062,,,,,
8250,6,3.062,,,,,
8252,6,3.061,,,,,
8254,6,3.059,,,,,
8256,6,3.058,,,,,
8258,6,3.056,,,,,
8260,6,3.056,,,,,
8262,6,3.056,,,,,
8264,6,3.056,,,,,
8266,6,3.056,,,,,
8268,6,3.056,,,,,
8270,6,3.056,,,,,
8272,6,3.055,,,,,
8274,6,3.055,,,,,
8276,6,3.055,,,,,
8278,6,3.055,,,,,
8280,6,3.053,,,,,
8282,6,3.051,,,,,
8284,6,3.05,,,,,
8286,6,3.049,,,,,
8288,6,3.049,,,,,
8290,6,3.049,,,,,
8292,6,3.049,,,,,
8294,6,3.049,,,,,
8296,6,3.048,,,,,
8298,6,3.048,,,,,
8300,6,3.048,,,,,
8302,6,3.048,,,,,
8304,6,3.048,,,,,
8306,6,3.046,,,,,
8308,6,3.044,,,,,
8310,6,3.042,,,,,
8312,6,3.041,,,,,
8314,6,3.041,,,,,
8316,6,3.041,,,,,
8318,6,3.041,,,,,
8320,6,3.041,,,,,
8322,6,3.041,,,,,
8324,6,3.041,,,,,
8326,6,3.04,,,,,
8328,6,3.04,,,,,
8332,6,3.038,,,,,
8334,6,3.036,,,,,
8336,6,3.035,,,,,
8338,6,3.034,,,,,
8340,6,3.034,,,,,
8342,6,3.034,,,,,
8344,6,3.034,,,,,
8346,6,3.034,,,,,
8348,6,3.033,,,,,
8350,6,3.033,,,,,
8352,6,3.032,,,,,
8354,6,3.03,,,,,
8356,6,3.029,,,,,
8360,6,3.027,,,,,
8362,6,3.027,,,,,
8364,6,3.027,,,,,
8366,6,3.027,,,,,
8368,6,3.027,,,,,
8370,6,3.027,,,,,
8372,6,3.026,,,,,
8374,6,3.026,,,,,
8376,6,3.026,,,,,
8378,6,3.024,,,,,
8380,6,3.022,,,,,
8382,6,3.02,,,,,
8384,6,3.02,,,,,
8386,6,3.02,,,,,
8388,6,3.02,,,,,
8390,6,3.02,,,,,
8392,6,3.019,,,,,
8394,6,3.019,,,,,
8396,6,3.019,,,,,
8398,6,3.019,,,,,
8400,6,3.017,,,,,
8402,6,3.014,,,,,
8404,6,3.013,,,,,
8406,6,3.012,,,,,
8408,6,3.012,,,,,
8410,6,3.012,,,,,
8412,6,3.012,,,,,
8414,6,3.012,,,,,
8416,6,3.012,,,,,
8418,6,3.011,,,,,
8420,6,3.011,,,,,
8422,6,3.009,,,,,
8424,6,3.007,,,,,
8426,6,3.006,,,,,
8428,6,3.005,,,,,
8430,6,3.005,,,,,
8432,6,3.005,,,,,
8434,6,3.005,,,,,
8436,6,3.005,,,,,
8438,6,3.004,,,,,
8440,6,3.004,,,,,
8442,6,3.002,,,,,
8446,6,2.999,,,,,
8448,6,2.998,,,,,
8450,6,2.998,,,,,
8452,6,2.998,,,,,
8454,6,2.998,,,,,
8456,6,2.998,,,,,
8458,6,2.997,,,,,
8460,6,2.997,,,,,
8462,6,2.996,,,,,
8464,6,2.994,,,,,
8466,6,2.992,,,,,
8468,6,2.99,,,,,
8470,6,2.99,,,,,
8472,6,2.99,,,,,
8474,6,2.99,,,,,
8476,6,2.99,,,,,
8478,6,2.989,,,,,
8480,6,2.989,,,,,
8482,6,2.988,,,,,
8484,6,2.986,,,,,
8486,6,2.984,,,,,
8488,6,2.983,,,,,
8490,6,2.983,,,,,
8492,6,2.983,,,,,
8494,6,2.983,,,,,
8496,6,2.982,,,,,
8498,6,2.982,,,,,
8500,6,2.982,,,,,
8502,6,2.979,,,,,
8504,6,2.978,,,,,
8506,6,2.976,,,,,
8508,6,2.976,,,,,
8510,6,2.976,,,,,
8512,6,2.976,,,,,
8514,6,2.976,,,,,
8516,6,2.975,,,,,
8518,6,2.974,,,,,
8520,6,2.971,,,,,
8522,6,2.969,,,,,
8524,6,2.968,,,,,
8526,6,2.968,,,,,
8528,6,2.968,,,,,
8530,6,2.968,,,,,
8532,6,2.968,,,,,
8534,6,2.968,,,,,
8536,6,2.968,,,,,
8538,6,2.965,,,,,
8540,6,2.962,,,,,
8542,6,2.961,,,,,
8544,6,2.961,,,,,
8546,6,2.961,,,,,
8548,6,2.961,,,,,
8550,6,2.96,,,,,
8552,6,2.96,,,,,
8554,6,2.959,,,,,
8556,6,2.957,,,,,
8558,6,2.955,,,,,
8560,6,2.954,,,,,
8562,6,2.954,,,,,
8564,6,2.954,,,,,
8566,6,2.953,,,,,
8568,6,2.953,,,,,
8570,6,2.953,,,,,
8572,6,2.95,,,,,
8574,6,2.948,,,,,
8576,6,2.947,,,,,
8578,6,2.947,,,,,
8580,6,2.947,,,,,
8582,6,2.947,,,,,
8584,6,2.946,,,,,
8586,6,2.946,,,,,
8588,6,2.943,,,,,
8590,6,2.94,,,,,
8592,6,2.939,,,,,
8594,6,2.939,,,,,
8596,6,2.939,,,,,
8598,6,2.939,,,,,
8600,6,2.938,,,,,
8602,6,2.938,,,,,
8604,6,2.937,,,,,
8606,6,2.934,,,,,
8608,6,2.932,,,,,
8610,6,2.932,,,,,
8612,6,2.932,,,,,
8614,6,2.931,,,,,
8616,6,2.931,,,,,
8618,6,2.93,,,,,
8620,6,2.927,,,,,
8622,6,2.926,,,,,
8624,6,2.925,,,,,
8626,6,2.925,,,,,
8628,6,2.925,,,,,
8630,6,2.924,,,,,
8632,6,2.924,,,,,
8634,6,2.922,,,,,
8635,6,2.92,,,,,
8635,6,2.92,,,,,
